$	Year	Model	Type	Source	Release

500000	2019	DeBerti Toyota Tacoma TRD The Performance Truck	Drift Cars	Autoshow
525000	2014	Mercedes-Benz G 63 AMG 6x6	Pickups & 4x4s	Autoshow, Wheelspin
550000	1974	Lancia Stratos HF Stradale	Classic Rally	Autoshow	Series 24
585000	1981	BMW M1	Retro Supercars	Autoshow, Wheelspin
700000	2022	Extreme E #99 Chip Ganassi Racing GMC Hummer EV	Unlimited Offroad	Autoshow	Series 10
1000000	1967	Lamborghini Miura P400	Rare Classics	Autoshow, Wheelspin
1000000	2003	Porsche Carrera GT	Retro Supercars	Autoshow, Wheelspin
1100000	2019	Aston Martin Valhalla Concept Car	Hypercars	Autoshow, Wheelspin
1200000	1954	Mercedes-Benz 300 SL Coupe	Rare Classics	Autoshow, Wheelspin
1200000	1987	Ferrari F40	Retro Supercars	Autoshow, Wheelspin
1200000	2012	Hennessey Venom GT	Hypercars	Autoshow, Wheelspin
1250000	1998	Nissan R390 (GT1)	Retro Supercars	Autoshow, Wheelspin
1300000	1926	Bugatti Type 35 C	Vintage Racers	Autoshow, Wheelspin
1350000	2013	McLaren P1	Hypercars	Autoshow, Wheelspin
1400000	2010	Aston Martin One-77	Super GT	Autoshow	Series 13
1500000	2010	Jaguar C-X75	Modern Supercars	Autoshow, Wheelspin
1500000	2018	Apollo Intensa Emozione	Extreme Track Toys	Autoshow, Wheelspin
1800000	1990	Porsche 911 Reimagined by Singer - DLS	Modern Supercars	Autoshow	Series 10
1800000	2009	Pagani Zonda R	Extreme Track Toys	Autoshow, Wheelspin
1900000	2016	Koenigsegg Regera	Hypercars	Autoshow, Wheelspin
2000000	1966	Porsche 906 Carrera 6	Classic Racers	Autoshow	Series 28
2000000	1995	Ferrari F50	Retro Supercars	Autoshow, Wheelspin
2000000	1996	Ferrari F50 GT	Extreme Track Toys	Autoshow, Wheelspin
2000000	2017	Koenigsegg Agera RS	Hypercars	Autoshow, Wheelspin
2000000	2019	Rimac Concept Two	Hypercars	Autoshow, Wheelspin
2100000	1965	Shelby Cobra 427 S/C	Rare Classics	Autoshow, Wheelspin
2200000	2011	Bugatti Veyron Super Sport	Hypercars	Autoshow
2250000	2019	McLaren Speedtail	Hypercars	Autoshow, Wheelspin
2300000	2016	Lamborghini Centenario LP 770-4	Hypercars	Autoshow, Wheelspin
2400000	2018	Bugatti Chiron	Hypercars	Autoshow, Wheelspin
2400000	2018	Italdesign Zerouno	Hypercars	Autoshow
2500000	1998	Porsche 911 GT1 Strassenversion	Retro Supercars	Autoshow, Wheelspin
2500000	2005	Ferrari FXX	Extreme Track Toys	Autoshow, Wheelspin
2500000	2008	Maserati MC12 Versione Corsa	Extreme Track Toys	Autoshow, Wheelspin
2500000	2011	Lamborghini Sesto Elemento	Extreme Track Toys	Autoshow, Wheelspin
2500000	2020	Lotus Evija	Hypercars	Autoshow
2600000	1962	Ferrari 250 GT Berlinetta Lusso	Rare Classics	Autoshow	Series 7
2600000	2012	Ferrari 599XX Evoluzione	Extreme Track Toys	Autoshow, Wheelspin
2700000	2014	Ferrari FXX K	Extreme Track Toys	Autoshow, Wheelspin
2700000	2021	Mercedes-AMG Mercedes-AMG ONE	Hypercars	Autoshow, Wheelspin
2800000	2002	Ferrari Enzo Ferrari	Retro Supercars	Autoshow, Wheelspin
2800000	2015	Koenigsegg One:1	Hypercars	Autoshow, Wheelspin
2800000	2020	Koenigsegg Jesko	Hypercars	Autoshow, Wheelspin
3000000	2013	Lamborghini Veneno	Hypercars	Autoshow, Wheelspin
3000000	2021	Rimac Nevera	Hypercars	Autoshow	Series 19
3500000	1970	Ferrari 512 S	Classic Racers	Autoshow	Series 28
3500000	1984	Ferrari 288 GTO	Retro Supercars	Autoshow, Wheelspin
3500000	2020	Lamborghini Sián Roadster	Hypercars	Autoshow	Series 15
4000000	1930	Bentley Blower 4-1/2 Litre Supercharged	Vintage Racers	Autoshow, Wheelspin
4000000	1965	Alfa Romeo Giulia TZ2	Classic Racers	Autoshow	Series 24
5000000	1953	Jaguar C-Type	Classic Racers	Autoshow	Series 28
7500000	1929	Mercedes-Benz SSK	Rare Classics	Autoshow, Wheelspin
7500000	1964	Jaguar Lightweight E-Type	Classic Racers	Autoshow, Wheelspin
9000000	1967	Ferrari #24 Ferrari Spa 330 P4	Classic Racers	Autoshow, Wheelspin
11000000	1966	Ford #2 GT40 MkII	Classic Racers	Autoshow, Wheelspin
15000000	1968	Alfa Romeo 33 Stradale	Classic Racers	Autoshow	Series 24
15000000	1970	Porsche #3 917 LH	Classic Racers	Autoshow, Wheelspin
15000000	1971	Porsche #23 917/20	Classic Racers	Autoshow	Series 10
15000000	1997	McLaren F1 GT	Retro Supercars	Autoshow, Wheelspin
16400000	1957	Ferrari 250 Testa Rossa	Classic Racers	Autoshow, Wheelspin
18500000	1957	Ferrari 250 California	Rare Classics	Autoshow, Wheelspin
22000000	1956	Jaguar D-Type	Classic Racers	Autoshow, Wheelspin
22500000	1958	Aston Martin DBR1	Classic Racers	Autoshow	Series 28
30000000	1965	Shelby Cobra Daytona Coupe	Classic Racers	Autoshow, Wheelspin
	1939	Maserati 8CTF	Vintage Racers	Seasonal	Series 2
	1939	Mercedes-Benz W154	Vintage Racers	Car Collection
	1946	Ford Super Deluxe Station Wagon	Rods and Customs	Backstage, Seasonal	Series 14
	1951	Porsche #46 356 SL Gmund Coupe	Classic Racers	Seasonal	Series 26
	1953	Morris Minor 1000 Forza Edition	Track Toys	Wheelspin, Seasonal
	1953	Morris Minor Series II Traveler	Vans & Utility	Seasonal	Series 14
	1955	Porsche 550A Spyder	Classic Racers	Backstage, Seasonal	Series 11
	1958	Plymouth Fury	Rods and Customs	Seasonal	Series 15
	1962	Lincoln Continental	Rods and Customs	Backstage, Seasonal	Series 27
	1962	Peel P50	Cult Cars	Backstage, Seasonal
	1963	Volkswagen Beetle Forza Edition	Track Toys	Accolade
	1964	Plymouth Belvedere	Classic Muscle	Seasonal	Series 27
	1964	Porsche 356 C Cabriolet Emory Special	Classic Sports Cars	Seasonal	Series 10
	1965	Hoonigan Gymkhana 10 Ford Hoonicorn Mustang ]]][[[	Drift Cars	Seasonal
	1965	MINI Cooper S Forza Edition	Super Hot Hatch	Seasonal	Series 5
	1965	Morris Mini-Traveller	Vans & Utility	Seasonal	Series 14
	1965	Toyota Sports 800	Classic Sports Cars	Seasonal	Series 17
	1966	Chevrolet Nova Super Sport	Classic Muscle	Seasonal	Series 27
	1966	Volkswagen Double Cab Pick-Up	Vans & Utility	Seasonal	Series 31
	1967	Mercedes-Benz 280 SL	Rare Classics	Backstage, Seasonal	Series 29
	1968	Lancia Fulvia Coupe Rallye 1.6 HF	Classic Rally	Backstage, Seasonal	Series 31
	1968	Plymouth Barracuda Formula-S	Classic Muscle	Seasonal	Series 9
	1968	Pontiac Firebird	Classic Muscle	Seasonal	Series 27
	1969	Dodge Charger Daytona HEMI	Classic Muscle	Car Mastery, Seasonal
	1969	FIAT Dino 2.4 Coupe	Classic Sports Cars	Backstage, Seasonal
	1969	Hot Wheels Twin Mill	Rods and Customs	Wheelspin, Seasonal
	1969	Pontiac GTO Judge	Classic Muscle	Seasonal	Series 27
_	1970	AMC Rebel The Machine	Classic Muscle	Seasonal	Series 15
	1970	Chevrolet Corvette ZR-1	Classic Muscle	Wheelspin, Seasonal
	1970	Dodge Coronet Super Bee	Classic Muscle	Backstage, Seasonal	Series 9
_	1971	AMC Javelin AMX	Classic Muscle	Seasonal	Series 15
	1971	Ford Mustang Mach 1	Classic Muscle	Seasonal	Series 3
	1972	Chevrolet K10 Custom	Pickups & 4x4s	Seasonal	Series 21
	1973	Ford XB Falcon GT	Classic Muscle	Seasonal	Series 23
	1973	Pontiac Firebird Trans Am SD-455	Classic Muscle	Seasonal	Series 23
	1973	Volkswagen Thing	Cult Cars	Seasonal	Series 36
	1975	DS Automobiles DS 23	Cult Cars	Seasonal	Series 31
	1976	Volkswagen SP-2	Classic Sports Cars	Seasonal	Series 36
_	1980	Abarth Fiat 131	Classic Rally	Backstage, Seasonal	Series 24
	1980	Lotus Esprit Turbo	Retro Supercars	Seasonal	Series 34
	1980	SUBARU BRAT GL	Vans & Utility	Seasonal	Series 18
	1981	Ford Fiesta XR2	Retro Hot Hatch	Wheelspin, Seasonal
	1982	DeLorean DMC-12	Retro Sports Cars	Seasonal	Series 1
	1982	Lancia 037 Stradale	Retro Rally	Seasonal	Series 24
	1984	Honda Civic CRX Mugen	Retro Hot Hatch	Seasonal
	1985	HDT VK Commodore Group A	Retro Muscle	Seasonal	Series 11
	1985	Nissan Safari Turbo	Pickups & 4x4s	Backstage, Seasonal	Series 18
	1986	Citroën BX4TC	Retro Rally	Backstage, Seasonal	Series 34
	1986	Ford F-150 XLT Lariat	Pickups & 4x4s	Backstage, Seasonal	Series 21
	1986	Lancia Delta S4	Retro Rally	Seasonal	Series 24
	1987	Porsche 959	Retro Supercars	Autoshow, Wheelspin
	1989	Ferrari F40 Competizione	Extreme Track Toys	Barn Find
_	1990	Aston Martin Lagonda	Retro Sports Cars	Seasonal	Series 39
	1990	SUBARU Legacy RS	Retro Rally	Seasonal	Series 11
	1990	Vauxhall Lotus Carlton	Retro Saloons	Seasonal	Series 3
	1991	GMC Syclone	Vans & Utility	Seasonal	Series 22
	1991	Hoonigan Rauh-Welt Begriff Porsche 911 Turbo	Retro Supercars	Car Mastery, Seasonal
	1991	Toyota Chaser GT Twin Turbo	Retro Saloons	Seasonal	Series 38
_	1992	Alfa Romeo 155 Q4	Retro Saloons	Backstage, Seasonal	Series 24
	1992	Ferrari 512 TR	Retro Supercars	Backstage, Seasonal	Series 7
	1992	GMC Typhoon	Vans & Utility	Backstage, Seasonal	Series 22
	1992	Hoonigan Mazda RX-7 Twerkstallion	Drift Cars	Car Mastery, Seasonal
	1992	Mercedes-Benz 500 E	Retro Saloons	Seasonal	Series 31
	1992	Mitsubishi Galant VR-4	Retro Rally	Backstage, Seasonal	Series 17
	1993	Jaguar XJ220	Retr Supercars	Wheelspin, Seasonal
	1994	Ford Supervan 3 'Donut Media Edition'	Track Toys	Accolade	Series 22
	1995	Mitsubishi Lancer Evolution III GSR	Retro Rally	Backstage, Seasonal	Series 38
	1995	Porsche 911 Carrera 2 by Gunther Werks	Modern Sports Cars	Seasonal	Series 10
	1995	Toyota MR2 GT	Retro Sports Cars	Seasonal	Series 17
	1996	SUBARU SVX	Retro Sports Cars	Seasonal	Series 39
	1997	Toyota Soarer 2.5 GT-T	Retro Sports Cars	Seasonal	Series 39
	1998	Mitsubishi FTO GP Version R	Retro Sports Cars	Backstage, Seasonal	Series 39
	1998	SUBARU Impreza 22B-STi Version	Retro Rally	Wheelspin, Seasonal
	1999	Lamborghini Diablo GTR	Extreme Track Toys	Car Mastery, Seasonal
	2000	Lotus 340R	Track Toys	Seasonal	Series 28
	2002	Ferrari 575M Maranello	Retro Supercars	Backstage, Seasonal	Series 2
	2002	Lotus Esprit V8	Retro Supercars	Seasonal	Series 31
	2003	Ford Mustang SVT Cobra	Retro Muscle	Seasonal	Series 32
	2005	Ford GT	Retro Supercars	Backstage, Wheelspin, Seasonal
	2005	Honda NSX-R GT	Retro Sports Cars	Seasonal
	2005	Mitsubishi #1 Sierra Sierra Enterprises Lancer Evolution Time Attack	Extreme Track Toys	Backstage, Seasonal	Series 33
	2006	Koenigsegg CCX	Hypercars	Backstage, Seasonal	Series 29
	2006	Mercedes-Benz E 55 AMG Wagon	Retro Saloons	Seasonal	Series 41
_	2007	Alfa Romeo 8C Competizione	GT Cars	Seasonal	Series 24
	2007	Toyota Hilux Arctic Trucks AT38	Pickups & 4x4s	Seasonal	Series 3
_	2008	Aston Martin DBS	GT Cars	Seasonal	Series 29
	2008	Koenigsegg CCGT	Extreme Track Toys	Wheelspin, Seasonal
	2008	Lamborghini Reventon	Modern Supercars	Car Collection
	2009	Lotus 2-Eleven	Track Toys	Seasonal	Series 28
	2009	Mercedes-Benz SL 65 AMG Black Series	Super GT	Seasonal	Series 22
	2010	Ferrari 599 GTO	Super GT	Backstage, Seasonal	Series 2
	2010	Nissan Tsuru	Retro Saloons	Seasonal	Series 26
	2010	Noble M600	Modern Supercars	Seasonal	Series 5
	2010	Renault Clio R.S.	Hot Hatch	Seasonal	Series 16
	2010	Renault Megane R.S. 250	Super Hot Hatch	Backstage, Seasonal	Series 16
	2010	Rossion Q1	Modern Supercars	Seasonal	Series 27
	2011	Koenigsegg Agera	Hypercars	Seasonal	Series 13
	2011	Lamborghini Sesto Elemento Forza Edition	Extreme Track Toys	Wheelspin, Seasonal
	2011	McLaren 12C Coupé	Modern Supercars	Backstage, Seasonal	Series 29
	2011	Pagani Huayra Coupe	Hypercars	Backstage, Wheelspin, Seasonal	Series 29
_	2012	Ascari KZ1R	Modern Supercars	Seasonal	Series 6
	2012	Eagle Speedster	Modern Sports Cars	Seasonal	Series 13
	2012	Lamborghini Aventador J	Hypercars	Backstage, Seasonal	Series 2
	2012	Lamborghini Gallardo LP 570-4 Spyder Performante	Modern Supercars	Backstage, Seasonal	Series 2
_	2012	Porsche 911 GT3 RS 4.0	Track Toys	Seasonal	Series 4
	2013	Audi R8 Coupe V10 plus 5.2 FSI quattro	Modern Supercars	Backstage, Wheelspin, Seasonal
	2013	Cadillac XTS Limousine	Super Saloons	Backstage, Seasonal	Series 15
	2013	Chevrolet Summit Racing Pro Stock Camaro	Track Toys	Seasonal	Series 33
	2013	Dodge SRT Viper GTS Anniversary Edition	Modern Muscle	Accolade	Series 13
	2013	Donkervoort D8 GTO	Track Toys	Seasonal	Series 3
	2013	Ferrari 458 Speciale	Track Toys	Backstage, Wheelspin, Seasonal
	2013	Ferrari LaFerrari	Hypercars	Car Collection
	2013	Volvo C30 Polestar	Hot Hatch	Seasonal	Series 38
_	2013	Wuling Sunshine S	Vans & Utility	Seasonal	Series 4
_	2014	Alfa Romeo 4C	Modern Sports Cars	Backstage, Seasonal	Series 24
	2014	Cadillac CTS-V Sport Wagon	Modern Muscle	Seasonal	Series 41
	2014	Ferrari California T	Super GT	Seasonal	Series 7
_	2014	McLaren 650S Spider	Modern Supercars	Seasonal	Series 6
	2015	BMW X6 M	Sports Utility Heroes	Wheelspin, Seasonal
	2015	Honda Ridgeline Baja Trophy Truck	Unlimited Offroad	Seasonal	Series 18
	2015	Jaguar F-TYPE R Coupe	GT Cars	Wheelspin, Seasonal
	2015	Jaguar XKR-S GT	Track Toys	Backstage, Seasonal	Series 3
	2015	MG MG3	Hot Hatch	Seasonal	Series 4
	2015	Mercedes-AMG GT S	Super GT	Seasonal	Series 8
	2015	Radical RXC Turbo	Extreme Track Toys	Wheelspin, Seasonal
_	2016	Abarth 695 Biposto	Hot Hatch	Backstage, Seasonal	Series 24
	2016	BMW M4 GTS	Track Toys	Car Collection
_	2016	Ford #66 Ford Racing GTLM Le Mans	Extreme Track Toys	Seasonal	Series 33
	2016	Honda Civic Coupe	Rally Monsters	Seasonal
	2016	NIO EP9	Hypercars	Seasonal	Series 4
	2016	Pagani Huayra BC	Hypercars	Backstage, Wheelspin, Seasonal
	2016	Pagani Huayra BC Forza Edition	Extreme Track Toys	Wheelspin, Seasonal
	2016	Renault Clio R.S. 16 Concept	Super Hot Hatch	Seasonal	Series 16
	2016	Spania GTA GTA Spano	Modern Supercars	Seasonal	Series 29
	2016	Toyota Land Cruiser Arctic Trucks AT37	Pickups & 4x4s	Seasonal	Series 3
	2016	W Motors Lykan HyperSport	Hypercars	Seasonal	Series 29
	2016	Zenvo ST1	Hypercars	Backstage, Seasonal	Series 3
_	2017	Abarth 124 Spider	Modern Sports Cars	Seasonal	Series 24
_	2017	Aston Martin Vanquish Zagato Coupe	Super GT	Backstage, Seasonal	Series 36
_	2017	Porsche #92 Porsche GT Team 911 RSR	Extreme Track Toys	Seasonal	Series 33
_	2018	ATS GT	Modern Supercars	Seasonal	Series 6
	2018	Audi RS 4 Avant	Super Saloons	Seasonal	Series 8
	2018	Funco Motorsports F9	Unlimited Buggies	Accolade, Wheelspin
	2018	KTM X-Bow GT4	Extreme Track Toys	Seasonal	Series 5
	2018	Lamborghini Aventador SVJ	Hypercars	Backstage, Seasonal	Series 2
	2018	Lotus Exige Cup 430	Track Toys	Accolade	Horizon Realms
	2018	McLaren 720S Coupe	Modern Supercars	Car Collection
	2018	Morgan Aero GT	Track Toys	Backstage, Seasonal	Series 28
	2018	Nissan Sentra NISMO	Super Saloons	Seasonal	Series 12
	2018	Porsche Macan LPR Rally Raid	Offroad	Wheelspin, Seasonal
	2019	Ford Ranger Raptor	Pickups & 4x4s	Wheelspin, Seasonal
_	2019	Porsche #70 Porsche Motorsport 935	Extreme Track Toys	Seasonal	Series 20
	2019	Porsche 911 GT3 RS Forza Edition	Rally Monsters	Car Collection
	2019	RAESR Tachyon Speed	Hypercars	Seasonal
	2019	Toyota 4Runner TRD Pro	Pickups & 4x4s	Seasonal	Series 5
	2020	Ferrari F8 Tributo	Modern Supercars	Seasonal	Series 7
	2020	Ferrari SF90 Stradale	Hypercars	Seasonal	Series 7
	2020	Hyundai I30 N	Super Hot Hatch	Seasonal	Series 30
	2020	Jaguar F-Type SVR	GT Cars	Seasonal	Series 32
_	2020	Lynk & Co #100 Cyan Racing 03	Track Toys	Seasonal	Series 14
_	2020	MG #20 MG6 XPower	Track Toys	Backstage, Seasonal	Series 16
	2020	Nissan GT-R NISMO (R35)	Track Toys	Backstage, Seasonal	Series 5
_	2021	Audi RS 6 Avant	Super Saloons	Backstage, Seasonal	Series 20
	2021	Audi RS 7 Sportback	Super Saloons	Backstage, Seasonal	Series 12
	2021	Audi RS e-tron GT	Super Saloons	Seasonal	Series 12
	2021	BMW M3 Competition Sedan	Super Saloons	Backstage, Seasonal	Series 25
	2021	BMW M4 Competition Coupé	Super Saloons	Backstage, Seasonal	Series 11
	2021	Ford Mustang Mach-E 1400	Track Toys	Accolade	Series 6
	2021	Hennessey Venom F5	Hypercars	Autoshow DLC	Hot Wheels, Expansion Bundle
_	2021	Hyundai #98 Bryan Herta Autosport Elantra N	Track Toys	Seasonal	Series 33
	2021	Lamborghini Aventador LP 780-4 Ultimae	Hypercars	Backstage, Seasonal	Series 36
	2021	Lamborghini Countach LPI 800-4	Hypercars	Seasonal	Series 34
	2021	Lexus LC 500	GT Cars	Seasonal	Series 19
	2021	MG MG6 XPower	Super Saloons	Seasonal	Series 16
	2021	McLaren 765LT	Track Toys	Backstage, Seasonal	Series 6
_	2021	Mercedes-AMG GT Black Series	Track Toys	Seasonal	Series 22
	2021	Mercedes-AMG SL 63	Super Saloons	Backstage, Seasonal	Series 31
	2021	Polaris RZR Pro XP Ultimate	UTV's	Seasonal	Series 18
	2021	Porsche 911 GT3	Track Toys	Backstage, Seasonal	Series 8
	2021	SIERRA Cars 700R	UTV's	Backstage, Seasonal	Series 18
	2021	Toyota GR Yaris	Modern Rally	Backstage, Seasonal	Series 35
	2021	Volkswagen ID.4	Hot Hatch	Seasonal	Series 31
	2022	Aston Martin Valkyrie AMR Pro	Extreme Track Toys	Backstage, Seasonal	Series 31
	2022	BMW M5 CS	Super Saloons	Seasonal	Series 41
	2022	BMW i4 eDrive40	Super Saloons	Seasonal	Series 25
	2022	BMW iX xDrive50	Sports Utility Heroes	Backstage, Seasonal	Series 25
	2022	Cadillac CT4-V Blackwing	Modern Muscle	Seasonal	Series 19
	2022	Cadillac CT5-V Blackwing	Modern Muscle	Seasonal	Series 19
	2022	Extreme E #125 ABT Cupra XE	Unlimited Offroad	Seasonal	Series 10
	2022	Extreme E #22 JBXE	Unlimited Offroad	Seasonal	Series 10
	2022	Extreme E #23 Genesys Andretti United	Unlimited Offroad	Seasonal	Series 10
	2022	Extreme E #42 XITE Racing Team	Unlimited Offroad	Seasonal	Series 10
	2022	Extreme E #44 X44	Unlimited Offroad	Seasonal	Series 10
	2022	Extreme E #5 Veloce Racing	Unlimited Offroad	Seasonal	Series 10
	2022	Extreme E #55 ACCIONA / Sainz XE Team	Unlimited Offroad	Seasonal	Series 10
	2022	Extreme E #58 McLaren Racing	Unlimited Offroad	Seasonal	Series 10
	2022	Extreme E #6 Rosberg X Racing	Unlimited Offroad	Seasonal	Series 10
	2022	Ford Bronco Raptor	Pickups & 4x4s	Seasonal	Series 26
	2022	Ford Focus ST	Super Hot Hatch	Backstage, Seasonal	Series 37
	2022	GMC HUMMER EV Pickup	Pickups & 4x4s	Backstage, Seasonal	Series 21
	2022	Gordon Murray Automotive T.50	Hypercars	Backstage, Seasonal	Series 28
	2022	Hyundai IONIQ 6	Super Saloons	Seasonal	Series 30
	2022	Hyundai Kona N	Sports Utility Heroes	Seasonal	Series 30
	2022	Hyundai N Vision 74	Track Toys	Backstage, Seasonal	Series 34
_	2022	Lynk & Co 02 Hatchback	Hot Hatch	Seasonal	Series 30
	2022	MG MG7	Super Saloons	Seasonal	Series 30
	2022	Mazda MX-5 Miata RF	Modern Sports Cars	Backstage, Seasonal	Series 36
	2022	Rivian R1S	Sports Utility Heroes	Backstage, Seasonal	Series 25
	2022	Rivian R1T	Pickups & 4x4s	Seasonal	Series 25
	2022	SUBARU BRZ	Modern Sports Cars	Seasonal	Series 28
	2022	SUBARU WRX	Modern Rally	Seasonal	Series 38
	2022	Toyota GR86	Modern Sports Cars	Backstage,Seasonal	Series 23
	2023	Aston Martin Valkyrie	Hypercars	Seasonal	Series 28
	2023	BMW M2	Super Saloons	Backstage, Seasonal	Series 25
	2023	Chevrolet Corvette Z06	Track Toys	Seasonal	Series 27
	2023	Ford F-150 Raptor R	Pickups & 4x4s	Seasonal	Series 32
	2023	Ford Fiesta ST	Hot Hatch	Seasonal	Series 37
	2023	Hyundai IONIQ 5 N	Sports Utility Heroes	Seasonal	Series 35
	2023	KIA EV6 GT	Sports Utility Heroes	Backstage, Seasonal	Series 35
	2023	Lamborghini Huracán Sterrato	Rally Monsters	Accolade	Horizon Realms
	2023	Lucid Air Sapphire	Super Saloons	Backstage, Wheelspin, Seasonal	Series 27
	2023	McLaren Artura	Modern Supercars	Backstage, Seasonal	Series 32
_	2023	Meyers Manx 2.0 EV	Buggies	Seasonal	Series 26
	2023	Nissan Z	Modern Sports Cars	Backstage, Seasonal	Series 17
_	2023	Porsche 911 GT3 R	Extreme Track Toys	Seasonal	Series 40
	2023	Porsche 911 GT3 RS	Track Toys	Seasonal	Series 40
	2023	Porsche 911 Rallye	Rally Monsters	Seasonal	Series 40
_	2023	Porsche 911 Turbo S	Modern Supercars	Seasonal	Series 40
	2023	Porsche Taycan Cross Turismo Turbo S	Super Saloons	Seasonal	Series 35
	2023	Toyota Camry TRD	Super Saloons	Seasonal	Series 37
	2024	Ford Mustang Dark Horse	Modern Muscle	Backstage, Seasonal	Series 35
	2024	Ford Mustang GT	Modern Muscle	Seasonal	Series 32
	2024	Nissan Z NISMO	Modern Sports Cars	Seasonal	Series 41

x	1970	Chevrolet El Camino Super Sport 454	Vans & Utility	Autoshow
x	2013	Mercedes-Benz E 63 AMG	Super Saloons	Autoshow, Wheelspin
x	1977	Holden Torana A9X	Classic Muscle	Autoshow, Wheelspin
x	2015	Land Rover Range Rover Sport SVR	Sports Utility Heroes	Autoshow, Wheelspin
x	1990	Mercedes-Benz 190E 2.5-16 Evolution II	Retro Saloons	Autoshow, Wheelspin
x	2018	Mercedes-AMG GT 4-Door Coupe	Super Saloons	Autoshow, Wheelspin
x	2016	Audi R8 V10 plus	Modern Supercars	Autoshow, Wheelspin
x	2018	McLaren 600LT Coupe	Track Toys	Autoshow, Wheelspin
x	2018	Lamborghini Huracán Performante	Track Toys	Autoshow, Wheelspin
x	2018	Porsche 911 GT2 RS	Track Toys	Autoshow, Wheelspin
x	2010	Mosler MT900S	Extreme Track Toys	Autoshow, Wheelspin
x	2013	Mercedes-Benz G 65 AMG	Pickups & 4x4s	Autoshow, Wheelspin
x	2017	Ferrari 812 Superfast	Super GT	Autoshow, Wheelspin
x	2015	McLaren 650S Coupe	Modern Supercars	Autoshow, Wheelspin
x	2016	Lamborghini Aventador Superveloce	Hypercars	Autoshow, Wheelspin
x	1977	Hoonigan Gymkhana 10 Ford F-150 'Hoonitruck'	Drift Cars	Autoshow, Wheelspin
x	1991	Hoonigan Gymkhana 10 Ford Escort Cosworth Group A	Rally Monsters	Autoshow, Wheelspin
x	1994	Ford Supervan 3	Track Toys	Autoshow, Wheelspin
x	2004	Nissan Pickup #23 Rally Raid	Unlimited Offroad	Autoshow, Wheelspin
x	2017	Volkswagen #34 Volkswagen Andretti Rallycross Beetle	Rally Monsters	Autoshow, Wheelspin
x	2018	Ford #25 Mustang RTR	Drift Cars	Autoshow, Wheelspin
x	2018	Ford #88 Mustang RTR	Drift Cars	Autoshow, Wheelspin
x	1933	Napier Napier-Railton	Vintage Racers	Autoshow, Wheelspin
x	1939	Auto Union Type D	Vintage Racers	Autoshow
x	1963	Volkswagen Beetle	Cult Cars	Accolade
x	1964	Ford GT40 Mk I	Classic Racers	Car Collection
x	1984	Peugeot 205 Turbo 16	Retro Rally	Accolade, Wheelspin
x	1985	Toyota Sprinter Trueno GT Apex	Retro Sports Cars	Backstage, Wheelspin, Seasonal
x	1986	MG Metro 6R4	Rally Monsters	Accolade, Wheelspin
x	1987	Pontiac Firebird Trans Am GTA Forza Edition	Track Toys	Wheelspin, Seasonal
x	1990	Mazda Savanna RX-7	Retro Sports Cars	Accolade, Wheelspin
x	2003	Toyota Celica Sport Specialty II	Retro Sports Cars	Seasonal	Series 3
x	2004	Nissan Donut Media 350Z 'Low Car'	Track Toys	Accolade	Series 22
x	2004	Saleen S7	Retro Supercars	Wheelspin, Seasonal
x	2010	Lamborghini Murcielago LP 670-4 SV	Modern Supercars	Wheelspin, Seasonal
x	2011	Lamborghini Gallardo LP 570-4 Superleggera	Modern Supercars	Accolade
x	2017	Ferrari GTC4Lusso	Super GT	Accolade
x	2017	Ford #14 Rahal Letterman Lanigan Racing GRC Fiesta	Rally Monsters	Wheelspin, Seasonal
x	2019	Hennessey Camaro Exorcist	Track Toys	Accolade	Series 23
x	2022	Hennessey Mammoth 6x6	Pickups & 4x4s	Accolade	Horizon Realms
x	2024	Lamborghini Revuelto	Hypercars	Accolade	Horizon Realms

x	2013	Mercedes-Benz A 45 AMG	Super Hot Hatch	Autoshow, Wheelspin
x	2012	Mercedes-Benz SLK 55 AMG	Modern Sports Cars	Autoshow, Wheelspin
x	2018	BMW M5	Super Saloons	Autoshow, Wheelspin
x	2018	Chevrolet Camaro ZL1 1LE	Track Toys	Autoshow, Wheelspin
x	2009	Chevrolet Corvette ZR1	Modern Muscle	Autoshow, Wheelspin
x	2016	Porsche 911 GT3 RS	Track Toys	Autoshow, Wheelspin
x	1978	Hoonigan Ford Escort RS1800	Rally Monsters	Autoshow, Wheelspin
x	2006	Formula Drift #43 Dodge Viper SRT10	Drift Cars	Autoshow, Wheelspin
x	2018	DeBerti Chevrolet Silverado 1500 Drift Truck	Drift Cars	Autoshow, Wheelspin
x	2019	Hennessey VelociRaptor 6x6	Pickups & 4x4s	Autoshow, Wheelspin
x	2008	Mitsubishi Lancer Evolution X GSR	Modern Rally	Autoshow, Wheelspin
x	1973	Land Rover Range Rover	Pickups & 4x4s	Autoshow, Wheelspin
x	2014	Ford FPV Limited Edition Pursuit Ute	Vans & Utility	Autoshow, Wheelspin
x	2016	Nissan Titan Warrior Concept	Pickups & 4x4s	Autoshow, Wheelspin
x	2002	Nissan Skyline GT-R V-Spec II	Retro Sports Cars	Autoshow, Wheelspin
x	2016	Ford Shelby GT350R	Track Toys	Autoshow, Wheelspin
x	1992	Honda NSX-R	Retro Sports Cars	Autoshow, Wheelspin
x	1984	Opel Manta 400	Rally Monsters	Autoshow, Wheelspin
x	1992	Lancia Delta HF Integrale EVO	Retro Rally	Autoshow	Series 24
x	2012	Nissan GT-R Black Edition (R35)	Modern Supercars	Autoshow, Wheelspin
x	1980	Renault 5 Turbo	Retro Rally	Autoshow, Wheelspin
x	2012	Mercedes-Benz C 63 AMG Coupe Black Series	Super Saloons	Autoshow, Wheelspin
x	2017	Porsche Panamera Turbo	Super Saloons	Autoshow, Wheelspin
x	1971	Plymouth Cuda 426 Hemi	Classic Muscle	Autoshow, Wheelspin
x	2002	BMW M3-GTR	Track Toys	Autoshow, Wheelspin
x	1994	Ferrari F355 Berlinetta	Retro Supercars	Autoshow, Wheelspin
x	2011	Mercedes-Benz SLS AMG	Super GT	Autoshow, Wheelspin
x	1970	Dodge Challenger R/T	Classic Muscle	Autoshow, Wheelspin
x	2020	McLaren GT	Super GT	Autoshow
x	2018	Ferrari Portofino	Super GT	Autoshow, Wheelspin
x	1988	Lamborghini Countach LP5000 QV	Retro Supercars	Autoshow, Wheelspin
x	2015	McLaren 570S Coupe	Modern Supercars	Autoshow, Wheelspin
x	2009	Ferrari 458 Italia	Modern Supercars	Autoshow, Wheelspin
x	2020	Ford #2069 Ford Performance Bronco R	Offroad	Autoshow, Wheelspin
x	2019	Porsche 911 GT3 RS	Track Toys	Autoshow, Wheelspin
x	2007	Ferrari 430 Scuderia	Modern Supercars	Autoshow, Wheelspin
x	2007	Formula Drift #117 599 GTB Fiorano	Drift Cars	Autoshow, Wheelspin
x	2015	Ferrari F12tdf	Super GT	Autoshow, Wheelspin
x	1962	Ferrari 250 GTO	Classic Racers	Barn Find
x	1969	Nissan Fairlady Z 432	Classic Sports Cars	Car Collection
x	1996	Formula Drift #51 Donut Media Nissan 240SX	Drift Cars	Accolade	Series 22
x	1930	Bentley 8 Litre	Rare Classics	Autoshow, Wheelspin
x	1932	Ford De Luxe Five-Window Coupe	Rods and Customs	Autoshow, Wheelspin
x	1940	Ford De Luxe Coupe	Rods and Customs	Autoshow, Wheelspin
x	1945	Willys MB Jeep	Pickups & 4x4s	Autoshow, Wheelspin
x	1949	Hot Wheels Ford F-5 Dually Custom Hot Rod	Rods and Customs	Wheelspin, Seasonal	Series 9
x	1953	Chevrolet Corvette	Classic Sports Cars	Barn Find
x	1953	Chevrolet Corvette Forza Edition	Classic Racers	Wheelspin, Seasonal
x	1953	Morris Minor 1000	Cult Cars	Autoshow, Wheelspin
x	1955	Chevrolet 150 Utility Sedan	Rods and Customs	Autoshow, Wheelspin
x	1955	Hoonigan Chevrolet Bel Air	Rods and Customs	Autoshow, Wheelspin
x	1955	Mercedes-Benz 300 SLR	Classic Racers	Autoshow	Series 11
x	1956	Chevrolet 'Barbie Movie' Corvette EV	Rods and Customs	Autoshow	Series 22
x	1956	Ford F-100	Rods and Customs	Barn Find
x	1957	BMW Isetta 300 Export	Cult Cars	Autoshow, Wheelspin
x	1957	Chevrolet Bel Air	Rods and Customs	Autoshow, Wheelspin
x	1957	Hot Wheels Nash Metropolitan Custom	Rods and Customs	Backstage, Wheelspin, Seasonal	Series 9
x	1958	Austin-Healey Sprite MkI	Classic Sports Cars	Autoshow, Wheelspin
x	1959	Ford Anglia 105E	Cult Cars	Autoshow, Wheelspin
x	1959	Jaguar Mk II 3.8	Classic Racers	Autoshow, Wheelspin
x	1959	Porsche 356 A 1600 Super	Rare Classics	Autoshow, Wheelspin
x	1960	Chevrolet Corvette	Classic Sports Cars	Car Collection
x	1961	Jaguar E-type	Rare Classics	Autoshow, Wheelspin
x	1963	Volkswagen Type 2 De Luxe	Cult Cars	Autoshow
x	1964	Aston Martin DB5	Rare Classics	Autoshow, Wheelspin
x	1964	Chevrolet Impala Super Sport 409	Rods and Customs	Autoshow, Wheelspin
x	1965	Alfa Romeo Giulia Sprint GTA Stradale	Rare Classics	Autoshow	Series 24
x	1965	Ford Mustang GT Coupe	Classic Muscle	Autoshow, Wheelspin
x	1965	Ford Transit	Vans & Utility	Autoshow, Wheelspin
x	1965	Hoonigan Ford Hoonicorn Mustang	Drift Cars	Autoshow, Wheelspin
x	1965	MINI Cooper S	Classic Rally	Autoshow, Wheelspin
x	1965	Peel Trident	Cult Cars	Autoshow	Series 2
x	1965	Pontiac GTO	Classic Muscle	Autoshow, Wheelspin
x	1966	Ford Lotus Cortina	Classic Racers	Autoshow, Wheelspin
x	1966	Jaguar XJ13	Classic Racers	Autoshow DLC	Car Pass
x	1966	Oldsmobile Toronado	Classic Muscle	Autoshow DLC	Car Pass
x	1967	Chevrolet Corvette Stingray 427	Classic Muscle	Autoshow, Wheelspin
x	1967	FordRacing Escort Mk1	Classic Rally	Barn Find
x	1967	Renault 8 Gordini	Classic Rally	Autoshow DLC	Car Pass
x	1968	Abarth 595 esseesse	Cult Cars	Autoshow	Series 24
x	1968	Dodge Dart HEMI Super Stock	Classic Muscle	Barn Find
x	1968	Ferrari 365 GTB/4	Rare Classics	Autoshow, Wheelspin
x	1968	Ford Mustang GT 2+2 Fastback	Classic Muscle	Barn Find
x	1968	Renault 4L Export	Cult Cars	Barn Find
x	1969	Chevrolet Camaro Jordan Luka 3 Forza Edition	Track Toys	Seasonal	Series 38
x	1969	Chevrolet Camaro Super Sport Coupe	Classic Muscle	Autoshow, Wheelspin
x	1969	Chevrolet Nova Super Sport 396	Classic Muscle	Autoshow, Wheelspin
x	1969	Dodge Charger R/T	Classic Muscle	Autoshow, Wheelspin
x	1969	Dodge Charger R/T Forza Edition	Track Toys	Autoshow DLC	VIP
x	1969	Ferrari Dino 246 GT	Rare Classics	Backstage, Wheelspin, Seasonal
x	1969	Ford Mustang Boss 302	Classic Muscle	Autoshow, Wheelspin
x	1969	Lola #6 Penske Sunoco T70 MkIIIB	Classic Racers	Autoshow, Wheelspin
x	1969	Toyota 2000GT	Rare Classics	Autoshow, Wheelspin
x	1969	Volkswagen Class 5/1600 Baja Bug	Buggies	Autoshow, Wheelspin
x	1970	Buick GSX	Classic Muscle	Autoshow, Wheelspin
x	1970	Chevrolet Camaro Z28	Classic Muscle	Autoshow, Wheelspin
x	1970	Chevrolet Chevelle Super Sport 454	Classic Muscle	Autoshow, Wheelspin
x	1970	Datsun 510	Cult Cars	Autoshow, Wheelspin
x	1970	Ford GT70	Classic Rally	Autoshow, Wheelspin
x	1970	GMC Jimmy	Pickups & 4x4s	Barn Find
x	1970	Hot Wheels Pontiac Firebird Trans Am Custom	Track Toys	Seasonal	Series 23
x	1970	International Scout 800A	Pickups & 4x4s	Autoshow, Wheelspin
x	1970	Mercury Cyclone Spoiler	Classic Muscle	Autoshow DLC	Car Pass
x	1970	Porsche 914/6	Classic Sports Cars	Autoshow, Wheelspin
x	1970	Volkswagen #1107 Desert Dingo Racing Stock Bug	Buggies	Autoshow, Wheelspin
x	1971	Lotus Elan Sprint	Classic Sports Cars	Autoshow, Wheelspin
x	1971	Meyers Manx	Cult Cars	Backstage, Wheelspin, Seasonal
x	1971	Meyers Manx Forza Edition	Track Toys	Wheelspin, Seasonal
x	1971	Nissan Skyline 2000GT-R	Classic Sports Cars	Autoshow, Wheelspin
x	1972	Ford Falcon XA GT-HO	Classic Muscle	Autoshow, Wheelspin
x	1972	Hoonigan Chevrolet Napalm Nova	Classic Muscle	Autoshow, Wheelspin
x	1972	Land Rover Series III	Pickups & 4x4s	Autoshow, Wheelspin
x	1972	Reliant Supervan III	Cult Cars	Autoshow, Wheelspin
x	1973	AMC Gremlin X	Cult Cars	Autoshow, Wheelspin
x	1973	Alpine A110 1600s	Classic Rally	Autoshow
x	1973	BMW 2002 Turbo	Classic Sports Cars	Barn Find
x	1973	Ford Capri RS3100	Classic Sports Cars	Autoshow, Wheelspin
x	1973	Ford Escort RS1600	Classic Rally	Autoshow, Wheelspin
x	1973	Holden HQ Monaro GTS 350	Classic Muscle	Autoshow, Wheelspin
x	1973	Hoonigan Volkswagen Baja Beetle Class 5/1600 'Scumbug'	Buggies	Autoshow DLC	Rally Adventure, Expansions Bundle
x	1973	Lamborghini Espada 400 GT	Retro Supercars	Autoshow DLC	Car Pass
x	1973	Nissan Skyline H/T 2000GT-R	Classic Sports Cars	Autoshow, Wheelspin
x	1973	Porsche 911 Carrera RS	Rare Classics	Barn Find
x	1974	Holden Sandman HQ panel van	Vans & Utility	Autoshow, Wheelspin
x	1974	Honda Civic RS	Retro Hot Hatch	Autoshow
x	1974	Toyota Celica GT	Classic Sports Cars	Autoshow, Wheelspin
x	1975	Ford Bronco	Pickups & 4x4s	Autoshow, Wheelspin
x	1975	Forsberg Racing Nissan Gold Leader Datsun 280Z	Retro Sports Cars	Autoshow DLC	Formula Drift Pack
x	1976	Jeep CJ5 Renegade	Pickups & 4x4s	Autoshow, Wheelspin
x	1977	Ford #5 Escort RS1800 MkII	Classic Rally	Autoshow, Wheelspin
x	1977	Ford Escort RS1800	Classic Rally	Autoshow, Wheelspin
x	1977	Pontiac Firebird Trans Am	Classic Muscle	Autoshow, Wheelspin
x	1979	Chevrolet Camaro Z28	Classic Muscle	Autoshow, Wheelspin
x	1979	Toyota FJ40	Pickups & 4x4s	Autoshow, Wheelspin
x	1980	FIAT 124 Sport Spider	Classic Sports Cars	Autoshow	Series 24
x	1981	Volkswagen Scirocco S	Retro Hot Hatch	Autoshow, Wheelspin
x	1982	Porsche 911 Turbo 3.3	Retro Supercars	Autoshow, Wheelspin
x	1982	Volkswagen Pickup LX	Vans & Utility	Autoshow DLC	Car Pass
x	1983	Audi Sport quattro	Retro Rally	Autoshow, Wheelspin
x	1983	GMC Vandura G-1500	Vans & Utility	Autoshow, Wheelspin
x	1983	Volkswagen Golf GTI	Retro Hot Hatch	Autoshow, Wheelspin
x	1983	Volvo 242 Turbo Evolution	Classic Rally	Autoshow, Wheelspin
x	1985	Ford RS200 Evolution	Rally Monsters	Autoshow, Wheelspin
x	1985	Porsche #185 959 Prodrive Rally Raid	Rally Monsters	Autoshow, Wheelspin
x	1986	Audi #2 Audi Sport quattro S1	Rally Monsters	Seasonal	Series 18
x	1986	Ford Escort RS Turbo	Retro Hot Hatch	Autoshow, Wheelspin
x	1986	Ford Mustang SVO	Retro Muscle	Autoshow DLC	Car Pass
x	1986	Hoonigan Ford RS200 Evolution ]]][[[	Rally Monsters	Autoshow, Wheelspin
x	1986	Lamboghini LM 002	Pickups & 4x4s	Autoshow, Wheelspin
x	1987	Buick Regal GNX	Retro Muscle	Autoshow, Wheelspin
x	1987	Ford Sierra Cosworth RS500	Retro Saloons	Autoshow, Wheelspin
x	1987	Mercedes-Benz AMG Hammer Coupe	Retro Saloons	Autoshow, Wheelspin
x	1987	Nissan Skyline GTS-R (HR31)	Retro Sports Cars	Autoshow, Wheelspin
x	1987	Pontiac Firebird Trans Am GTA	Retro Muscle	Autoshow, Wheelspin
x	1988	BMW M5	Retro Saloons	Autoshow, Wheelspin
x	1988	Chevrolet Monte Carlo Super Sport	Retro Muscle	Autoshow, Wheelspin
x	1988	Mitsubishi Starion ESI-R	Retro Sports Cars	Autoshow, Wheelspin
x	1989	Formula Drift #98 BMW 325i	Drift Cars	Autoshow, Wheelspin
x	1989	Porsche #65 Rothsport Racing 911 'Desert Flyer'	Rally Monsters	Autoshow, Wheelspin
x	1989	Porsche 944 Turbo	Retro Sports Cars	Autoshow, Wheelspin
x	1989	Toyota MR2 SC	Retro Sports Cars	Autoshow, Wheelspin
x	1990	Nissan Pulsar GTi-R	Retro Rally	Autoshow, Wheelspin
x	1991	BMW M3	Retro Saloons	Autoshow, Wheelspin
x	1991	Honda CR-X SiR	Retro Hot Hatch	Autoshow
x	1991	Jaguar Sport XJR-15	Retro Supercars	Barn Find
x	1991	Peugeot 205 Rallye	Retro Hot Hatch	Autoshow, Wheelspin
x	1992	Bugatti EB110 Super Sport	Retro Supercars	Autoshow, Wheelspin
x	1992	Ford Escort RS Cosworth	Retro Rally	Autoshow, Wheelspin
x	1992	Mazda 323 GT-R	Retro Rally	Autoshow DLC	Car Pass
x	1992	Nissan Silvia CLUB K's	Retro Sports Cars	Autoshow, Wheelspin
x	1992	Toyota Celica GT-Four RC ST185	Retro Rally	Autoshow, Wheelspin
x	1992	Toyota Supra 2.0 GT	Retro Sports Cars	Autoshow, Wheelspin
x	1992	Volkswagen Golf Gti 16v Mk2	Retro Hot Hatch	Autoshow, Wheelspin
x	1993	Ford SVT Cobra R	Retro Muscle	Autoshow, Wheelspin
x	1993	Jaguar XJ220S TWR	Retro Supercars	Autoshow DLC	Car Pass
x	1993	McLaren F1	Retro Supercars	Backstage, Wheelspin, Seasonal
x	1993	Nissan 240SX SE	Retro Sports Cars	Autoshow, Wheelspin
x	1993	Nissan Skyline GT-R V-Spec	Retro Sports Cars	Autoshow, Wheelspin
x	1993	Porsche 968 Turbo S	Retro Sports Cars	Autoshow, Wheelspin
x	1993	Renault Clio Williams	Retro Hot Hatch	Autoshow, Wheelspin
x	1993	Schuppan 962CR	Retro Supercars	Autoshow DLC	Hot Wheels, Expansion Bundle
x	1993	Toyota #1 T100 Baja Truck	Unlimited Offroad	Barn Find
x	1994	Honda Prelude Si	Retro Hot Hatch	Autoshow
x	1994	Hoonigan Ford Escort RS Cosworth WRC 'Cossie V2'	Rally Monsters	Autoshow
x	1994	Mazda MX-5 Miata	Retro Sports Cars	Autoshow, Wheelspin
x	1994	Nissan Fairlady Z Version S Twin Turbo	Retro Sports Cars	Autoshow, Wheelspin
x	1994	Nissan Silvia K's	Retro Sports Cars	Autoshow, Wheelspin
x	1994	Toyota Celica GT-Four ST205	Retro Rally	Accolade, Wheelspin
x	1995	Audi Avant RS 2	Retro Saloons	Autoshow, Wheelspin
x	1995	BMW M5	Retro Saloons	Autoshow, Wheelspin
x	1995	Chevrolet Corvette ZR-1	Retro Muscle	Autoshow, Wheelspin
x	1995	Ford Mustang SVT Cobra R	Retro Muscle	Seasonal	Series 43
x	1995	Formula Drift #34 Toyota Supra MKIV	Drift Cars	Autoshow DLC	Formula Drift Pack
x	1995	Mitsubishi Eclipse GSX	Retro Sports Cars	Autoshow, Wheelspin
x	1995	Nissan NISMO GT-R LM	Retro Sports Cars	Autoshow, Wheelspin
x	1995	Porsche 911 GT2	Retro Supercars	Autoshow, Wheelspin
x	1995	Volkswagen Corrado VR6	Retro Hot Hatch	Autoshow, Wheelspin
x	1996	Chevrolet Impala Super Sport	Retro Muscle	Autoshow, Wheelspin
x	1997	BMW M3	Retro Saloons	Autoshow, Wheelspin
x	1997	Formula Drift #777 Nissan 240SX	Drift Cars	Autoshow, Wheelspin
x	1997	Honda Civic Type R	Retro Hot Hatch	Autoshow
x	1997	Lamborghini Diablo SV	Retro Supercars	Autoshow, Wheelspin
x	1997	Land Rover Defender 90	Pickups & 4x4s	Autoshow, Wheelspin
x	1997	Lexus SC300	Retro Sports Cars	Autoshow, Wheelspin
x	1997	Lotus Elise GT1	Retro Supercars	Autoshow, Wheelspin
x	1997	Mazda RX-7	Retro Sports Cars	Autoshow, Wheelspin
x	1997	Mitsubishi GTO	Retro Sports Cars	Autoshow, Wheelspin
x	1997	Nissan Skyline GT-R V-Spec	Retro Sports Cars	Autoshow, Wheelspin
x	1997	Volvo 850 R	Retro Saloons	Autoshow, Wheelspin
x	1998	Mercedes-Benz AMG CLK GTR	Retro Supercars	Autoshow, Wheelspin
x	1998	Mercedes-Benz AMG CLK GTR Forza Edition	Extreme Track Toys	Wheelspin, Seasonal
x	1998	Nissan Silvia K's Aero	Retro Sports Cars	Autoshow, Wheelspin
x	1998	TVR Cerbera Speed 12	Retro Supercars	Autoshow, Wheelspin
x	1998	Toyota Supra RZ	Retro Sports Cars	Autoshow
x	1998	Toyota Supra RZ 'Welcome Pack'	Retro Sports Cars	Autoshow DLC	Welcome Pack
x	1998	Volkswagen Gti VR6 Mk3	Retro Hot Hatch	Autoshow, Wheelspin
x	1999	Dodge Viper GTS ACR	Retro Muscle	Barn Find
x	1999	Ford Racing Puma	Retro Rally	Autoshow, Wheelspin
x	1999	Ford Racing Puma Forza Edition ]]][[[	Rally Monsters	Autoshow DLC	VIP
x	1999	Lotus Elise Series 1 Sport 190	Retro Sports Cars	Autoshow, Wheelspin
x	1999	Mitsubishi Lancer Evolution VI GSR	Retro Rally	Autoshow, Wheelspin
x	2000	Ford SVT Cobra R	Retro Muscle	Autoshow, Wheelspin
x	2000	Hot Wheels Deora II	Rods and Customs	Autoshow DLC	Hot Wheels, Expansion Bundle
x	2000	Nissan Silvia Spec-R	Retro Sports Cars	Autoshow, Wheelspin
x	2001	Acura Integra Type-R	Retro Hot Hatch	Autoshow
x	2001	Audi RS 4 Avant	Retro Saloons	Autoshow, Wheelspin
x	2001	Ford #4 Ford Focus RS	Rally Monsters	Autoshow DLC	Rally Adventure, Expansions Bundle
x	2002	Acura RSX Type-S	Retro Hot Hatch	Autoshow
x	2002	BMW Z3 M Coupe	Retro Sports Cars	Autoshow, Wheelspin
x	2002	Chevrolet Corvette Z06	Retro Muscle	Autoshow, Wheelspin
x	2002	Koenigsegg CC8S	Hypercars	Autoshow, Wheelspin
x	2002	Mazda RX-7 Spirit R Type-A	Retro Sports Cars	Autoshow, Wheelspin
x	2003	Audi RS 6	Retro Saloons	Autoshow, Wheelspin
x	2003	BMW M5	Retro Saloons	Autoshow, Wheelspin
x	2003	Ferrari 360 Challenge Stradale	Retro Supercars	Accolade, Wheelspin
x	2003	Ford F-150 SVT Lightning	Vans & Utility	Autoshow DLC	Car Pass
x	2003	Ford Focus RS	Hot Hatch	Autoshow, Wheelspin
x	2003	Honda S2000	Modern Sports Cars	Autoshow, Wheelspin
x	2003	Nissan Donut Media 350Z 'Hi Car'	Track Toys	Accolade	Series 22
x	2003	Nissan Fairlady Z	Retro Sports Cars	Autoshow, Wheelspin
x	2003	Nissan Fairlady Z Forza Edition	Unlimited Offroad	Wheelspin, Seasonal
x	2003	Volkswagen Golf R32	Hot Hatch	Autoshow, Wheelspin
x	2004	Honda Civic Type-R	Retro Hot Hatch	Autoshow
x	2004	Mitsubishi Lancer Evolution VIII MR	Modern Rally	Autoshow, Wheelspin
x	2004	Porsche 911 GT3	Retro Supercars	Autoshow, Wheelspin
x	2004	SUBARU Impreza WRX STi	Modern Rally	Autoshow, Wheelspin
x	2005	BMW M3	Retro Saloons	Autoshow, Wheelspin
x	2005	Honda NSX-R	Retro Sports Cars	Autoshow, Wheelspin
x	2005	Hot Wheels Ford Mustang	Track Toys	Wheelspin, Seasonal	Series 9
x	2005	MG XPower SV-R	Retro Sports Cars	Autoshow DLC	Car Pass
x	2005	Mazda Mazdaspeed MX-5	Retro Sports Cars	Autoshow, Wheelspin
x	2005	SUBARU Impreza WRX STi	Modern Rally	Autoshow, Wheelspin
x	2005	TVR Sagaris	Retro Sports Cars	Autoshow, Wheelspin
x	2005	Vauxhall Monaro VXR	Modern Muscle	Autoshow, Wheelspin
x	2006	Audi RS 4	Super Saloons	Autoshow, Wheelspin
x	2006	HUMMER H1 Alpha	Pickups & 4x4s	Autoshow, Wheelspin
x	2006	Mitsubishi Lancer Evolution IX MR	Modern Rally	Autoshow, Wheelspin
x	2006	Mosler MT900 GT3	Extreme Track Toys	Autoshow DLC	Hot Wheels, Expansion Bundle
x	2006	Noble M400	Track Toys	Autoshow DLC	Car Pass
x	2007	Honda Civic Type-R	Hot Hatch	Autoshow
x	2007	Peugeot 207 Super 2000	Rally Monsters	Autoshow, Wheelspin
x	2008	BMW M3	Super Saloons	Autoshow, Wheelspin
x	2008	BMW Z4 M Coupe	Modern Sports Cars	Autoshow, Wheelspin
x	2008	Dodge Magnum SRT8	Modern Muscle	Autoshow DLC	Car Pass
x	2008	Dodge Viper SRT10 ACR	Track Toys	Autoshow, Wheelspin
x	2008	Mitsubishi Lancer Evolution X GSR 'Welcome Pack'	Modern Rally	Autoshow DLC	Welcome Pack
x	2008	Renault Mégane R26.R	Super Hot Hatch	Autoshow, Wheelspin
x	2008	SUBARU Impreza WRX STI	Modern Rally	Autoshow, Wheelspin
x	2009	Audi RS 6	Super Saloons	Autoshow, Wheelspin
x	2009	BMW M5	Super Saloons	Autoshow, Wheelspin
x	2009	Ford Focus RS	Super Hot Hatch	Autoshow, Wheelspin
x	2009	Formula Drift #99 Mazda RX-8	Drift Cars	Autoshow DLC	Formula Drift Pack
x	2009	Honda S2000 CR	Modern Sports Cars	Autoshow, Wheelspin
x	2009	MINI John Cooper Works	Hot Hatch	Autoshow, Wheelspin
x	2009	Pagani Zonda Cinque Roadster	Hypercars	Autoshow, Wheelspin
x	2010	Audi TT RS Coupe	Modern Sports Cars	Autoshow, Wheelspin
x	2010	Ferrari 599XX	Extreme Track Toys	Autoshow	Series 13
x	2010	Ford Crown Victoria Police Interceptor	Retro Muscle	Autoshow, Wheelspin
x	2010	Forsberg Racing Toyota Gumout 2JZ Camry Stock Car	Track Toys	Autoshow DLC	Formula Drift Pack
x	2010	Lexus LFA	Modern Supercars	Autoshow, Wheelspin
x	2010	Maserati Gran Turismo S	GT Cars	Autoshow, Wheelspin
x	2010	Maserati Gran Turismo S Forza Edition	Track Toys	Wheelspin, Seasonal
x	2010	Nissan 370Z	Modern Sports Cars	Autoshow, Wheelspin
x	2010	Porsche 911 Sport Classic	Modern Supercars	Autoshow DLC	Car Pass
x	2010	Volkswagen Golf R	Super Hot Hatch	Autoshow, Wheelspin
x	2011	Audi RS 3 Sportback	Super Hot Hatch	Autoshow, Wheelspin
x	2011	Audi RS 5 Coupe	Super Saloons	Autoshow, Wheelspin
x	2011	BMW 1 Series M Coupe	Super Saloons	Autoshow, Wheelspin
x	2011	BMW X5 M	Sports Utility Heroes	Autoshow, Wheelspin
x	2011	BMW X5 M Forza Edition ]]][[[	Extreme Track Toys	Autoshow DLC	VIP
x	2011	Ford F-150 SVT Raptor	Pickups & 4x4s	Autoshow, Wheelspin
x	2011	Ford Transit SuperSportVan	Vans & Utility	Autoshow, Wheelspin
x	2011	Hot Wheels Bone Shaker	Rods and Customs	Autoshow
x	2011	Mazda RX-8 R3	Modern Sports Cars	Autoshow, Wheelspin
x	2011	Penhall The Cholla	Unlimited Buggies	Autoshow, Wheelspin
x	2011	SUBARU WRX STI	Modern Rally	Autoshow, Wheelspin
x	2011	Volkswagen Scirocco R	Hot Hatch	Autoshow, Wheelspin
x	2012	BMW M5	Super Saloons	Autoshow, Wheelspin
x	2012	Hot Wheels Bad to the Blade	Extreme Track Toys	Autoshow DLC	Hot Wheels, Expansion Bundle
x	2012	Hot Wheels Rip Rod	Unlimited Buggies	Wheelspin, Seasonal	Series 9
x	2012	Jaguar XKR-S	GT Cars	Autoshow, Wheelspin
x	2012	Jeep Wrangler Rubicon	Pickups & 4x4s	Autoshow, Wheelspin
x	2012	Lamborghini Aventador LP700-4	Hypercars	Autoshow, Wheelspin
x	2012	Lotus Exige S	Modern Sports Cars	Autoshow, Wheelspin
x	2012	MINI John Cooper Works GP	Hot Hatch	Autoshow, Wheelspin
x	2012	Porsche 911 GT2 RS	Track Toys	Autoshow, Wheelspin
x	2013	Ariel Atom 500 V8	Extreme Track Toys	Autoshow, Wheelspin
x	2013	Aston Martin V12 Vantage S	Super GT	Autoshow, Wheelspin
x	2013	Audi RS 4 Avant	Super Saloons	Autoshow, Wheelspin
x	2013	Audi RS 7 Sportback	Super Saloons	Autoshow, Wheelspin
x	2013	BMW M6 Coupe	GT Cars	Autoshow, Wheelspin
x	2013	Caterham Superlight R500	Track Toys	Autoshow, Wheelspin
x	2013	Dodge SRT Viper GTS	Modern Muscle	Autoshow, Wheelspin
x	2013	Ford Shelby GT500	Modern Muscle	Autoshow, Wheelspin
x	2013	Formula Drift #777 Chevrolet Corvette	Drift Cars	Autoshow, Wheelspin
x	2013	Hot Wheels Baja Bone Shaker	Unlimited Offroad	Autoshow DLC	Hot Wheels, Expansion Bundle
x	2013	KTM X-Bow R	Track Toys	Autoshow, Wheelspin
x	2013	MINI X-Raid ALL4 Racing Countryman	Offroad	Wheelspin, Seasonal
x	2013	Mazda MX-5	Modern Sports Cars	Autoshow, Wheelspin
x	2013	Renault Clio R.S. 200 EDC	Hot Hatch	Autoshow, Wheelspin
x	2013	SUBARU BRZ	Modern Sports Cars	Autoshow, Wheelspin
x	2013	Toyota 86	Modern Sports Cars	Autoshow, Wheelspin
x	2014	BAC Mono	Track Toys	Accolade, Wheelspin
x	2014	BMW M4 Coupe	Super Saloons	Autoshow, Wheelspin
x	2014	Ford #11 Rockstar F-150 Trophy Truck	Unlimited Offroad	Autoshow, Wheelspin
x	2014	Ford Fiesta ST	Hot Hatch	Autoshow, Wheelspin
x	2014	Ford Ranger T6 Rally Raid	Offroad	Autoshow, Wheelspin
x	2014	Forsberg Racing Nissan 'SafariZ' 370Z Safari Rally Tribute	Rally Monsters	Autoshow DLC	Car Pass
x	2014	HSV GEN-F GTS	Modern Muscle	Autoshow, Wheelspin
x	2014	HSV Limited Edition Gen-F GTS Maloo	Vans & Utility	Autoshow, Wheelspin
x	2014	Jeep Grand Cherokee SRT	Sports Utility Heroes	Autoshow, Wheelspin
x	2014	Lamborghini Huracán LP 610-4	Modern Supercars	Autoshow, Wheelspin
x	2014	Local Motors Rally Fighter	Unlimited Offroad	Autoshow, Wheelspin
x	2014	Mercedes-Benz Unimog U5023	Trucks	Autoshow, Wheelspin
x	2014	Morgan 3 Wheeler	Cult Cars	Autoshow, Wheelspin
x	2014	Porsche 911 Turbo S	Modern Supercars	Autoshow, Wheelspin
x	2014	Porsche 918 Spyder	Hypercars	Autoshow, Wheelspin
x	2014	Volkswagen Golf R	Super Hot Hatch	Autoshow, Wheelspin
x	2015	Alumicraft Class 10 Race Car	Unlimited Buggies	Autoshow, Wheelspin
x	2015	Audi RS 6 Avant	Super Saloons	Autoshow, Wheelspin
x	2015	Audi S1	Hot Hatch	Autoshow, Wheelspin
x	2015	Audi TTS Coupe	Modern Sports Cars	Autoshow, Wheelspin
x	2015	BMW i8	Modern Supercars	Autoshow, Wheelspin
x	2015	Chevrolet Camaro Z/28	Track Toys	Autoshow, Wheelspin
x	2015	Chevrolet Corvette Z06	Modern Muscle	Autoshow, Wheelspin
x	2015	Dodge Challenger SRT Hellcat	Modern Muscle	Autoshow, Wheelspin
x	2015	Dodge Charger SRT Hellcat	Modern Muscle	Autoshow, Wheelspin
x	2015	Ferrari 488 GTB	Modern Supercars	Autoshow, Wheelspin
x	2015	Ford Falcon GT F 351	Modern Muscle	Autoshow, Wheelspin
x	2015	Formula Drift #13 Ford Mustang	Drift Cars	Autoshow, Wheelspin
x	2015	Infiniti Q60 Concept	Super Saloons	Autoshow, Wheelspin
x	2015	Jaguar XE-S	Super Saloons	Autoshow, Wheelspin
x	2015	Jaguar XFR-S	Super Saloons	Autoshow, Wheelspin
x	2015	Lexus RC F	Super Saloons	Autoshow, Wheelspin
x	2015	Mercedes-Benz #24 Tankpool24 Racing Truck	Trucks	Autoshow, Wheelspin
x	2015	Mercedes-Benz #24 Tankpool24 Racing Truck Forza Edition	Unlimited Offroad	Wheelspin, Seasonal
x	2015	Polaris RZR XP 1000 EPS	UTV's	Autoshow, Wheelspin
x	2015	Porsche Cayman GTS	Modern Sports Cars	Autoshow, Wheelsin
x	2015	SUBARU WRX STI	Modern Rally	Autoshow, Wheelspin
x	2015	Ultima Evolution Coupe 1020	Extreme Track Toys	Autoshow, Wheelspin
x	2015	Volvo V60 Polestar	Super Saloons	Autoshow, Wheelspin
x	2016	Ariel Nomad	Unlimited Buggies	Autoshow, Wheelspin
x	2016	Aston Martin Vantage GT12	Track Toys	Accolade
x	2016	BMW M2 Coupé	Super Saloons	Autoshow, Wheelspin
x	2016	Bentley Bentayga	Sports Utility Heroes	Autoshow, Wheelspin
x	2016	Cadillac ATS-V	Modern Muscle	Autoshow, Wheelspin
x	2016	Cadillac CTS-V Sedan	Modern Muscle	Autoshow, Wheelspin
x	2016	Dodge Viper ACR	Track Toys	Autoshow
x	2016	Formula Drift #530 HSV Maloo Gen-F	Drift Cars	Autoshow, Wheelspin
x	2016	Honda Civic Type R	Super Hot Hatch	Autoshow
x	2016	Hoonigan Gymkhana 10 Ford Focus RS RX	Rally Monsters	Accolade, Wheelspin
x	2016	Hoonigan Gymkhana 9 Ford Focus RS RX	Rally Monsters	Seasonal	Series 18
x	2016	Jaguar F-TYPE Project 7	Track Toys	Accolade, Wheelspin
x	2016	Jeep Trailcat	Unlimited Offroad	Autoshow, Wheelspin
x	2016	Lotus 3-Eleven	Track Toys	Autoshow, Wheelspin
x	2016	Mazda MX-5	Modern Sports Cars	Autoshow, Wheelspin
x	2016	Mercedes-AMG C 63 S Coupe	Super Saloons	Autoshow, Wheelspin
x	2016	Porsche Cayman GT4	Track Toys	Autoshow, Wheelspin
x	2016	RJ Anderson #37 Polaris RZR-Rockstar Energy Pro 2 Truck	Unlimited Offroad	Autoshow, Wheelspin
x	2016	Vauxhall Corsa VXR	Hot Hatch	Autoshow, Wheelspin
x	2017	Acura NSX	Modern Supercars	Autoshow
x	2017	Alfa Romeo Giulia Quadrifoglio	Super Saloons	Autoshow	Series 24
x	2017	Alpine A110	Modern Sports Cars	Backstage, Wheelspin, Seasonal
x	2017	Aston Martin DB11	Super GT	Autoshow, Wheelspin
x	2017	Aston Martin Vulcan AMR Pro	Extreme Track Toys	Autoshow, Wheelspin
x	2017	Bentley Continental Supersports	GT Cars	Autoshow, Wheelspin
x	2017	Chevrolet Camaro ZL1	Modern Muscle	Autoshow, Wheelspin
x	2017	Chevrolet Colorado ZR2	Pickups & 4x4s	Autoshow, Wheelspin
x	2017	Ferrari #25 Corse Clienti 488 Challenge	Track Toys	Autoshow DLC	Car Pass
x	2017	Ferrari J50	Modern Supercars	Autoshow DLC	Car Pass
x	2017	Ford #25 'Brocky' Ultra4 Bronco RTR	Unlimited Offroad	Autoshow, Wheelspin
x	2017	Ford F-150 Raptor	Pickups & 4x4s	Autoshow, Wheelspin
x	2017	Ford Focus RS	Super Hot Hatch	Autoshow, Wheelspin
x	2017	Ford GT	Modern Supercars	Autoshow
x	2017	Ford M-Sport Fiesta RS	Rally Monsters	Autoshow, Wheelspin
x	2017	Formula Drift #357 Chevrolet Corvette Z06	Drift Cars	Autoshow DLC	Formula Drift Pack
x	2017	Jaguar F-PACE S	Sports Utility Heroes	Autoshow, Wheelspin
x	2017	Maserati Levante S	Sports Utility Heroes	Autoshow, Wheelspin
x	2017	Mercedes-AMG GT R	Super GT	Autoshow, Wheelspin
x	2017	Nissan GT-R (R35)	Modern Supercars	Autoshow, Wheelspin
x	2017	Ram 2500 Power Wagon	Pickups & 4x4s	Autoshow, Wheelspin
x	2017	VUHL 05RR	Track Toys	Autoshow, Wheelspin
x	2018	Apollo Intensa Emozione 'Welcome Pack'	Extreme Track Toys	Autoshow DLC	Welcome Pack
x	2018	Audi RS 5 Coupé	Super Saloons	Autoshow DLC	Car Pass
x	2018	Audi TT RS	Modern Sports Cars	Autoshow DLC	Car Pass
x	2018	Can-Am Maverick X RS Turbo R	UTV's	Autoshow, Wheelspin
x	2018	Chevrolet Hot Wheels COPO Camaro	Track Toys	Autoshow DLC	Hot Wheels, Expansion Bundle
x	2018	DeBerti F-150 Prerunner Truck	Unlimited Offroad	Autoshow, Wheelspin
x	2018	DeBerti Wrangler Unlimited	Unlimited Offroad	Car Mastery, Seasonal
x	2018	Dodge Challenger SRT Demon	Modern Muscle	Autoshow, Wheelspin
x	2018	Dodge Durango SRT	Sports Utility Heroes	Autoshow, Wheelspin
x	2018	Exomotive Exocet Off-Road	Unlimited Buggies	Autoshow, Wheelspin
x	2018	Exomotive Exocet Off-Road Forza Edition	Rally Monsters	Wheelspin, Seasonal
x	2018	Ferrari FXX-K EVO	Extreme Track Toys	Autoshow DLC	Car Pass
x	2018	Ford Mustang GT	Modern Muscle	Autoshow, Wheelspin
x	2018	Ford Mustang RTR Spec 5	Modern Muscle	Autoshow, Wheelspin
x	2018	Formula Drift #64 Nissan 370Z	Drift Cars	Autoshow, Wheelspin
x	2018	Honda Civic Type R	Super Hot Hatch	Autoshow
x	2018	Hot Wheels 2JetZ	Rods and Customs	Wheelspin, Seasonal	Series 9
x	2018	Jaguar I-PACE	Sports Utility Heroes	Autoshow, Wheelspin
x	2018	Jeep Grand Cherokee Trackhawk	Sports Utility Heroes	Autoshow, Wheelspin
x	2018	Land Rover Range Rover Velar First Edition	Sports Utility Heroes	Autoshow, Wheelspin
x	2018	MINI John Cooper Works Countryman ALL4	Sports Utility Heroes	Autoshow, Wheelspin
x	2018	MINI X-Raid John Cooper Works Buggy	Offroad	Autoshow, Wheelspin
x	2018	McLaren Senna	Hypercars	Autoshow
x	2018	Mercedes-AMG E 63 S	Super Saloons	Wheelspin, Seasonal
x	2018	Mercedes-Benz X-Class	Pickups & 4x4s	Autoshow, Wheelspin
x	2018	Porsche 718 Cayman GTS	Modern Sports Cars	Autoshow, Wheelspin
x	2018	Porsche Cayenne Turbo	Sports Utility Heroes	Autoshow, Wheelspin
x	2018	Renault Megane R.S.	Super Hot Hatch	Autoshow, Wheelspin
x	2018	SUBARU WRX STI ARX Supercar	Rally Monsters	Autoshow DLC	Hot Wheels, Expansion Bundle
x	2018	Saleen S1	Modern Supercars	Autoshow, Wheelspin
x	2018	TVR Griffith	Modern Sports Cars	Autoshow, Wheelspin
x	2019	Aston Martin DBS Superleggera	Super GT	Autoshow, Wheelspin
x	2019	Aston Martin Vantage	GT Cars	Autoshow, Wheelspin
x	2019	BMW Z4 Roadster	Modern Sports Cars	Autoshow, Wheelspin
x	2019	Brabham BT62	Extreme Track Toys	Autoshow DLC	Hot Wheels, Expansion Bundle
x	2019	Bugatti Divo	Extreme Track Toys	Autoshow, Wheelspin
x	2019	Casey Currie Motorsports #4402 Ultra 4 'Trophy Jeep'	Unlimited Offroad	Autoshow DLC	Rally Adventure, Expansions Bundle
x	2019	Chevrolet Corvette ZR1	Track Toys	Accolade
x	2019	Ferrari 488 Pista	Track Toys	Autoshow, Wheelspin
x	2019	Ferrari Monza SP2	Super GT	Autoshow DLC	Car Pass
x	2019	Formula Drift #411 Toyota Corolla Hatchback	Drift Cars	Autoshow DLC	Formula Drift Pack
x	2019	Hyundai Veloster N	Super Hot Hatch	Autoshow, Wheelspin
x	2019	Jimco #240 Fastball Racing Spec Trophy Truck	Unlimited Offroad	Autoshow DLC	Rally Adventure, Expansions Bundle
x	2019	Lamborghini Urus	Sports Utility Heroes	Autoshow, Wheelspin
x	2019	McLaren 720S Spider	Modern Supercars	Autoshow, Wheelspin
x	2019	Nissan 370Z NISMO	Modern Sports Cars	Autoshow DLC	Car Pass
x	2019	Porsche 911 Carrera S	Modern Sports Cars	Autoshow, Wheelspin
x	2019	Porsche 911 Speedster	Modern Sports Cars	Autoshow DLC	Car Pass
x	2019	Porsche Macan Turbo	Sports Utility Heroes	Autoshow, Wheelspin
x	2019	SUBARU STI S209	Modern Rally	Autoshow DLC	Car Pass
x	2019	Toyota Tacoma TRD Pro	Pickups & 4x4s	Autoshow DLC	Car Pass
x	2019	Zenvo TSR-S	Hypercars	Autoshow, Wheelspin
x	2020	Audi RS 3 Sedan	Super Saloons	Autoshow DLC	Car Pass
x	2020	Audi TT RS Coupe	Modern Sports Cars	Seasonal	Series 32
x	2020	BMW M8 Competition Coupe	GT Cars	Autoshow DLC	Car Pass
x	2020	Chevrolet Corvette Stingray Coupe	Modern Supercars	Autoshow
x	2020	Ford #2069 Ford Performance Bronco R 'Welcome Pack'	Offroad	Autoshow DLC	Welcome Pack
x	2020	Ford Mustang Shelby GT500	Modern Muscle	Autoshow, Wheelspin
x	2020	Ford Super Duty F-450 DRW Platinum	Pickups & 4x4s	Autoshow, Wheelspin
x	2020	Formula Drift #151 Toyota GR Supra	Drift Cars	Autoshow DLC	Formula Drift Pack
x	2020	Formula Drift #91 BMW M2	Drift Cars	Autoshow DLC	Formula Drift Pack
x	2020	Jeep Gladiator Rubicon	Pickups & 4x4s	Autoshow, Wheelspin
x	2020	Jimco #179 Hammerhead Class 1	Unlimited Buggies	Autoshow DLC	Rally Adventure, Expansions Bundle
x	2020	Lamborghini Huracán EVO	Modern Supercars	Autoshow DLC	Car Pass
x	2020	Lamborghini Huracán STO	Track Toys	Backstage, Seasonal	Series 20
x	2020	Land Rover Defender 110 X	Sports Utility Heroes	Autoshow, Wheelspin
x	2020	Lexus RC F Track Edition	Track Toys	Autoshow DLC	Car Pass
x	2020	Porsche Taycan Turbo S	Super Saloons	Autoshow, Wheelspin
x	2020	Porsche Taycan Turbo S 'Welcome Pack'	Super Saloons	Autoshow DLC	Welcome Pack
x	2020	SIERRA Cars #23 Yokohama ALPHA	Extreme Track Toys	Autoshow DLC	Hot Wheels, Expansion Bundle
x	2020	Toyota GR Supra	Modern Sports Cars	Autoshow
x	2020	Toyota Tundra TRD Pro	Pickups & 4x4s	Autoshow DLC	Car Pass
x	2020	Xpeng P7	Super Saloons	Autoshow	Series 11
x	2021	Alumicraft #122 Class 1 Buggy	Unlimited Buggies	Autoshow DLC	Rally Adventure, Expansions Bundle
x	2021	Aston Martin DBX	Sports Utility Heroes	Autoshow DLC	Car Pass
x	2021	Ford Bronco	Pickups & 4x4s	Autoshow, Wheelspin
x	2021	Lynk & Co 03+	Super Saloons	Autoshow	Series 12
x	2021	MINI John Cooper Works GP	Super Hot Hatch	Autoshow DLC	Car Pass
x	2021	McLaren 620R	Track Toys	Autoshow DLC	Car Pass
x	2021	Polaris RZR Pro XP Factory Racing Limited Edition	UTV's	Autoshow DLC	Rally Adventure, Expansions Bundle
x	2021	RJ Anderson #37 Polaris RZR Pro 4 Truck	Unlimited Offroad	Autoshow DLC	Rally Adventure, Expansions Bundle
x	2021	SIERRA Cars RX3	UTV's	Autoshow
x	2021	Volkswagen Golf R	Super Hot Hatch	Autoshow DLC	Car Pass
x	2022	Alumicraft #6165 Trick Truck	Unlimited Offroad	Autoshow DLC	Rally Adventure, Expansions Bundle
x	2022	CUPRA Formentor VZ5	Sports Utility Heroes	Autoshow	Series 21
x	2022	CUPRA Tavascan Concept	Sports Utility Heroes	Autoshow	Series 21
x	2022	CUPRA UrbanRebel Concept	Track Toys	Autoshow	Series 15
x	2022	Ford F-150 Lightning Platinum	Pickups & 4x4s	Autoshow DLC	Rally Adventure, Expansions Bundle
x	2022	GMC 'Barbie Movie' HUMMER EV PICKUP	Pickups & 4x4s	Autoshow	Series 22
x	2022	Porsche Mission R	Extreme Track Toys	Backstage, Seasonal	Series 20
x	2023	Formula Drift #64 Forsberg Racing Nissan Z	Drift Cars	Seasonal	Series 22
x	2024	Chevrolet Corvette E-Ray	Modern Supercars	Autoshow
x	2554	AMG Transport Dynamics M12S Warthog CST	Unlimited Offroad	Autoshow, Wheelspin

!	1932	Ford De Luxe Five-Window Coupe Forza Edition	Unlimited Buggies	Promotional DLC	Promo code
!	1961	DeBerti Ford Econoline 'Shop Rod'	Rods and Customs	Autoshow DLC	American Auto Car Pack
!	1965	DeBerti Chevrolet C10 ‘Slayer’	Rods and Customs	Seasonal	Series 41
!	1966	Fast and Furious Chevrolet Impala Super Sport 'Fast X'	Track Toys	Autoshow DLC	Fast X Car Pack
!	1967	Shelby GT 500	Classic Muscle	Autoshow DLC	Acceleration Car Pack
!	1970	Fast and Furious Dodge Charger 'Fast X'	Classic Muscle	Autoshow DLC	Fast X Car Pack
!	1973	Fast and Furious Datsun 240Z 'Fast X'	Classic Sports Cars	Autoshow DLC	Fast X Car Pack
!	1981	Universal Studios Back to the Future Time Machine 1	Cult Cars	Autoshow DLC	Universal Icons Car Pack
!	1981	Universal Studios Back to the Future Time Machine 2	Cult Cars	Autoshow DLC	Universal Icons Car Pack
!	1981	Universal Studios Back to the Future Time Machine 3	Cult Cars	Autoshow DLC	Universal Icons Car Pack
!	1982	Universal Studios K.I.T.T.	Retro Muscle	Autoshow DLC	Universal Icons Car Pack
!	1986	BMW M635CSi	Retro Saloons	Backstage, Seasonal	Series 34
!	1987	Mercedes-Benz AMG Hammer Wagon	Retro Saloons	Autoshow DLC	European Auto Car Pack
!	1987	Nissan Be-1	Cult Cars	Autoshow DLC	Nissan Retro Rides Car Pack
!	1989	Nissan Pao	Cult Cars	Autoshow DLC	Nissan Retro Rides Car Pack
!	1989	Nissan S-Cargo	Cult Cars	Autoshow DLC	Nissan Retro Rides Car Pack
!	1991	Bentley Turbo R	Retro Saloons	Seasonal	Series 12
!	1991	Nissan Figaro	Cult Cars	Autoshow DLC	Nissan Retro Rides Car Pack
!	1991	Toyota Sera	Cult Cars	Autoshow DLC	JDM Jewels Car Pack
!	1992	Universal Studios Jeep Wrangler Sahara 'Jurassic Park'	Pickups & 4x4s	Autoshow DLC	Universal Icons Car Pack
!	1993	Autozam AZ-1	Retro Hot Hatch	Autoshow DLC	JDM Jewels Car Pack
!	1995	BMW 850CSi	Retro Sports Cars	Seasonal	Series 25
!	1997	Mitsubishi Montero Evolution	Pickups & 4x4s	Autoshow DLC	JDM Jewels Car Pack
!	1997	Nissan Stagea Four V	Retro Saloons	Autoshow DLC	JDM Jewels Car Pack
!	2009	Pagani Zonda Cinque Roadster 'Oreo Edition'	Hypercars	Promotional DLC	Promo code
!	2010	BMW M3 GTS	Track Toys	Seasonal	Series 11
!	2012	Volkswagen Santana	Retro Saloons	Autoshow DLC	Chinese Lucky Stars Car Pack
!	2015	Cadillac #3 Cadillac Racing ATS-V.R	Extreme Track Toys	Autoshow DLC	Apex Allstars Car Pack
!	2017	Ford GT 'OPI Edition'	Modern Supercars	Promotional DLC	Promo code
!	2017	Saleen S7 LM	Extreme Track Toys	Autoshow DLC	American Auto Car Pack
!	2018	BMW #1 BMW M Motorsport M8 GTE	Extreme Track Toys	Autoshow DLC	Apex Allstars Car Pack
!	2018	DeBerti Ford Mustang GT	Modern Muscle	Seasonal	Series 23
!	2018	Lamborghini #63 Squadra Corse Huracán Super Trofeo Evo	Extreme Track Toys	Autoshow DLC	Italian Exotics Car Pack
!	2018	Mercedes-AMG GT3	Extreme Track Toys	Autoshow DLC	Apex Allstars Car Pack
!	2018	Porsche 911 GT3 R	Extreme Track Toys	Autoshow DLC	Apex Allstars Car Pack
!	2019	DeBerti Ford Super Duty F-250 Lariat 'Transformer'	Unlimited Offroad	Backstage, Seasonal	Series 21
!	2019	Elemental RP1	Track Toys	Autoshow DLC	Super Speed Car Pack
!	2019	Ferrari #62 Risi Competitizione 488 GTE	Extreme Track Toys	Autoshow DLC	Apex Allstars Car Pack
!	2019	Ginetta G10 RM	Track Toys	Autoshow DLC	Acceleration Car Pack
!	2019	Italdesign DaVinci Concept	GT Cars	Autoshow DLC	Italian Exotics Car Pack
!	2019	Jaguar XE SV Project 8	Track Toys	Autoshow DLC	European Auto Car Pack
!	2020	Automobili Pininfarina Battista	Hypercars	Autoshow DLC	European Auto Car Pack
!	2020	Chevrolet #3 Corvette Racing C8.R	Extreme Track Toys	Autoshow DLC	Apex Allstars Car Pack
!	2020	Chevrolet Silverado LT Trail Boss	Pickups & 4x4s	Autoshow DLC	American Auto Car Pack
!	2020	Ferrari Roma	Super GT	Autoshow DLC	Italian Exotics Car Pack
!	2020	KTM X-Bow GT2	Extreme Track Toys	Autoshow DLC	Super Speed Car Pack
!	2020	Lamborghini Essenza SCV12	Extreme Track Toys	Autoshow DLC	Italian Exotics Car Pack
!	2020	Lamborghini SC20	Hypercars	Autoshow DLC	Italian Exotics Car Pack
!	2020	Lexus #14 VASSER SULLIVAN RC F GT3	Extreme Track Toys	Autoshow DLC	Apex Allstars Car Pack
!	2020	Saleen Sportruck XR Black Label	Pickups & 4x4s	Autoshow DLC	Horizon Racing Car Pack
!	2021	Bentley Continental GT Convertible	GT Cars	Autoshow DLC	European Auto Car Pack
!	2021	Bentley Flying Spur	Super Saloons	Seasonal	Series 41
!	2021	Dodge Durango SRT Hellcat	Sports Utility Heroes	Backstage, Seasonal	Series 37
!	2021	Forsberg Racing Nissan 'Altimaniac'	Drift Cars	Autoshow DLC	Horizon Racing Car Pack
!	2021	McLaren Sabre	Hypercars	Autoshow DLC	Acceleration Car Pack
!	2022	Dodge Challenger SRT Super Stock	Modern Muscle	Seasonal	Series 43
!	2022	Fast and Furious Dodge Charger SRT Hellcat Redeye Widebody 'Fast X'	Modern Muscle	Autoshow DLC	Fast X Car Pack
!	2022	Fast and Furious Flip Car 2.0 'Fast X'	Track Toys	Autoshow DLC	Fast X Car Pack
!	2022	Ferrari 296 GTB	Modern Supercars	Autoshow DLC	Italian Exotics Car Pack
!	2022	Ford Supervan 4	Extreme Track Toys	Autoshow DLC	Acceleration Car Pack
!	2022	Lynk & Co 05+	Sports Utility Heroes	Autoshow DLC	Chinese Lucky Stars Car Pack
!	2022	Pagani Huayra R	Extreme Track Toys	Autoshow DLC	Horizon Racing Car Pack
!	2022	Porsche 718 Cayman GT4 RS	Track Toys	Autoshow DLC	Super Speed Car Pack
!	2022	Volkswagen Golf R	Super Hot Hatch	Autoshow DLC	Super Speed Car Pack
!	2022	Wuling Hongguang Mini EV Macaron	Hot Hatch	Autoshow DLC	Chinese Lucky Stars Car Pack
!	2023	Lamborghini Huracán Tecnica	Modern Supercars	Autoshow DLC	Italian Exotics Car Pack
!	2023	Lotus Emira	Modern Sports Cars	Autoshow DLC	Horizon Racing Car Pack
!	2023	MG Cyberster	GT Cars	Autoshow DLC	Chinese Lucky Stars Car Pack
!	2024	Czinger 21C	Extreme Track Toys	Autoshow DLC	American Auto Car Pack
