"$/hour (steamdb)","Î”",rating,$,time,id,name
83.54,36.25,39.71,83.54,"46Â min",952070,"RESIDENT EVIL RESISTANCE"
69.95,25.3,79.08,69.95,"34Â min",377870,"DARIUSBURST Chronicle Saviours"
47.57,23.21,81.3,49.95,"1.05Â hours",710920,"Darksiders Genesis"
56.95,22.78,59.47,56.95,"40Â min",935570,"Ary and the secret of seasons"
145.95,22.61,44.88,145.95,"11Â min",942300,"Johnny Rocket"
42.95,21.11,76.07,42.95,"58Â min",388410,"Darksiders II Deathinitive Edition"
42.25,20.95,89.71,42.95,"1.02Â hours",414340,"Hellblade: Senua's Sacrifice"
49.95,20.85,90.63,49.95,"43Â min",1119980,"In Sound Mind"
48.95,20.71,63.31,48.95,"44Â min",967390,"Chronos: Before the Ashes"
41.99,20.27,83.49,41.99,"56Â min",552500,"Warhammer: Vermintide 2"
40.86,19.46,76.01,44.95,"1.10Â hours",999020,"Mega Man Zero/ZX Legacy Collection"
56.95,19.4,78.83,56.95,"31Â min",234160,"Strike Suit Infinity"
42.95,19.31,83.52,42.95,"49Â min",807120,"Iratus: Lord of the Dead"
41.95,19.27,90.75,41.95,"51Â min",666140,"My Time At Portia"
46.95,19.06,70.39,46.95,"41Â min",441830,"I am Setsuna"
56.95,18.98,78.31,56.95,"30Â min",331600,"ONE PIECE PIRATE WARRIORS 3"
39.95,18.74,95.06,39.95,"53Â min",1057090,"Ori and the Will of the Wisps"
39.99,18.6,93.42,45.99,"1.15Â hours",220200,"Kerbal Space Program"
49.97,18.51,82.14,84.95,"1.70Â hours",587260,"Tokyo Xanadu eX+"
39.42,18.19,85.63,45.99,"1.17Â hours",560130,"Pillars of Eternity II: Deadfire"
38.46,18.17,81.45,42.95,"1.12Â hours",541640,"Disney Infinity 1.0: Gold Edition"
49.99,18.08,82.46,49.99,"34Â min",1373430,"Leisure Suit Larry - Wet Dreams Dry Twice"
35.95,17.98,83.62,35.95,"60Â min",804010,"SteamWorld Quest: Hand of Gilgamech"
39.16,17.8,87.61,46.99,"1.20Â hours",241260,"Sherlock Holmes: Crimes and Punishments"
42.95,17.69,94.19,42.95,"42Â min",235460,"METAL GEAR RISING: REVENGEANCE"
42.95,17.69,73.38,42.95,"42Â min",299950,"GET EVEN"
42.95,17.69,85.13,42.95,"42Â min",842910,"The MISSING: J.J. Macfield and the Island of Memories"
49.95,17.37,86.72,49.95,"32Â min",582560,"The Invisible Hours"
43.95,17.31,74.83,43.95,"39Â min",999220,"Amnesia: Rebirth"
45.99,17.25,68.05,45.99,"36Â min",637670,"Secret of Mana"
42.95,17.18,77.42,42.95,"40Â min",306760,Obduction
44.18,17.1,75.82,69.95,"1.58Â hours",438490,"GOD EATER 2 Rage Burst"
48.62,17.06,94.11,89.95,"1.85Â hours",814380,"Sekiroâ„¢: Shadows Die Twice"
34.24,16.7,77.2,35.95,"1.05Â hours",906100,Observation
34.24,16.7,91.87,35.95,"1.05Â hours",1147550,"Not For Broadcast"
35.95,16.69,88.55,35.95,"52Â min",774361,Blasphemous
42.95,16.38,88.86,42.95,"37Â min",233450,"Prison Architect"
35.95,16.34,72.21,35.95,"50Â min",1042780,Pine
39.73,16.33,83.6,56.95,"1.43Â hours",541210,"Cold Waters"
35.79,16.27,82.52,42.95,"1.20Â hours",396900,"GRIP: Combat Racing"
35.5,16.14,87.41,35.5,"50Â min",251730,"Legend of Grimrock 2"
42.95,16.11,83.42,42.95,"36Â min",541660,"Disney Infinity 2.0: Gold Edition"
33.18,15.93,86.94,35.95,"1.08Â hours",1449280,"Ghostbusters: The Video Game Remastered"
41.02,15.88,35.17,64.95,"1.58Â hours",730310,"DYNASTY WARRIORS 9"
42.83,15.57,75.57,74.95,"1.75Â hours",755500,"ONE PIECE World Seeker"
33.76,15.46,73.81,39.95,"1.18Â hours",265550,"Dead Rising 3"
35.95,15.41,46.05,35.95,"45Â min",915670,"Everreach: Project Eden"
39.77,15.1,94.77,64.95,"1.63Â hours",435150,"Divinity: Original Sin 2"
40.75,15.0,92.36,69.95,"1.72Â hours",996580,"Spyroâ„¢ Reignited Trilogy"
74.95,14.99,89.54,74.95,"15Â min",1089090,"ONE PIECE: PIRATE WARRIORS 4"
29.95,14.98,72.7,29.95,"60Â min",1262600,"Need for Speedâ„¢ Rivals"
30.99,14.54,76.05,30.99,"53Â min",205650,"The Testament of Sherlock Holmes"
28.95,14.48,71.92,28.95,"60Â min",32430,"STAR WARSâ„¢: The Force Unleashedâ„¢ Ultimate Sith Edition"
36.74,14.41,83.27,56.95,"1.55Â hours",210970,"The Witness"
37.47,14.41,91.28,59.95,"1.60Â hours",214490,"Alien: Isolation"
29.02,14.39,71.27,29.5,"1.02Â hours",1016790,"West of Dead"
29.5,14.37,75.78,29.5,"57Â min",313780,Conarium
28.95,14.35,83.58,28.95,"59Â min",319870,"Jenny LeClue - Detectivu"
42.95,14.32,82.97,42.95,"30Â min",464920,"Surviving Mars"
28.98,14.25,93.56,29.95,"1.03Â hours",501300,"What Remains of Edith Finch"
28.95,14.23,79.93,28.95,"58Â min",746580,"HARDCORE MECHA"
30.85,14.13,90.15,36.5,"1.18Â hours",262060,"Darkest DungeonÂ®"
28.48,14.12,82.76,28.95,"1.02Â hours",274480,"Drox Operative"
28.48,14.12,79.03,28.95,"1.02Â hours",329430,"State of Decay: Year-One"
28.95,14.1,70.37,28.95,"57Â min",635390,"Thief of Thieves: Season One"
42.95,13.99,82.03,42.95,"29Â min",541670,"Disney Infinity 3.0: Gold Edition"
28.95,13.98,94.55,28.95,"56Â min",35140,"Batman: Arkham Asylum GOTY Edition"
28.95,13.98,66.4,28.95,"56Â min",217920,"Alien Rage - Unlimited"
28.95,13.98,69.88,28.95,"56Â min",312200,Chasm
43.95,13.98,86.24,43.95,"28Â min",699170,"Fell Seal: Arbiter's Mark"
30.38,13.91,96.49,35.95,"1.18Â hours",646570,"Slay the Spire"
28.95,13.85,81.68,28.95,"55Â min",607050,Wargroove
28.95,13.85,84.93,28.95,"55Â min",690790,"DiRT Rally 2.0"
28.02,13.78,85.88,28.95,"1.03Â hours",254320,Duskers
34.99,13.78,89.53,34.99,"39Â min",436670,"The Legend of Heroes: Trails in the Sky the 3rd"
28.02,13.78,74.63,28.95,"1.03Â hours",621830,"WRC 7"
35.95,13.71,80.88,35.95,"37Â min",1025410,Metamorphosis
35.95,13.71,76.51,35.95,"37Â min",1178880,"Panzer Dragoon: Remake"
28.95,13.58,81.9,28.95,"53Â min",629690,Vaporum
31.81,13.54,89.59,42.95,"1.35Â hours",448850,Overload
36.07,13.52,70.45,60.11,"1.67Â hours",421170,Indivisible
29.95,13.46,81.39,29.95,"49Â min",339340,"Resident Evil 0"
27.57,13.45,89.02,28.95,"1.05Â hours",228280,"Baldur's Gate: Enhanced Edition"
27.57,13.45,74.86,28.95,"1.05Â hours",464150,"Regalia: Of Men and Monarchs"
27.57,13.45,92.73,28.95,"1.05Â hours",860950,"Mark of the Ninja: Remastered"
28.95,13.44,60.82,28.95,"52Â min",7520,"Two Worlds II HD"
28.95,13.44,84.97,28.95,"52Â min",462780,"Darksiders Warmastered Edition"
27.66,13.38,91.72,29.5,"1.07Â hours",248610,"Door Kickers"
39.95,13.32,78.36,39.95,"30Â min",1328660,"Need for Speedâ„¢ Hot Pursuit Remastered"
28.95,13.3,87.66,28.95,"51Â min",464060,RUINER
28.95,13.3,72.28,28.95,"51Â min",633360,"Remothered: Tormented Fathers"
27.68,13.29,94.69,29.99,"1.08Â hours",304430,INSIDE
29.5,13.26,92.36,29.5,"49Â min",237930,Transistor
29.5,13.26,68.52,29.5,"49Â min",349270,Mosaic
29.99,13.17,82.07,29.99,"47Â min",369990,"Gremlins, Inc."
41.95,13.02,72.36,41.95,"27Â min",686720,"SaGa SCARLET GRACE: AMBITIONSâ„¢"
28.95,13.01,60.07,28.95,"49Â min",537450,"ReCore: Definitive Edition"
28.95,13.01,70.13,28.95,"49Â min",680380,"Night Call"
29.99,13.01,85.23,29.99,"46Â min",893180,"Catherine Classic"
28.95,13.01,83.34,28.95,"49Â min",1000010,"Crown Trick"
25.95,12.98,92.76,25.95,"60Â min",49520,"Borderlands 2"
27.23,12.97,77.89,29.95,"1.10Â hours",12210,"Grand Theft Auto IV: The Complete Edition"
34.99,12.89,93.36,34.99,"35Â min",251290,"The Legend of Heroes: Trails in the Sky SC"
37.14,12.88,85.44,69.95,"1.88Â hours",1030840,"Mafia: Definitive Edition"
28.95,12.87,76.24,28.95,"48Â min",454410,"GIGA WRECKER"
28.95,12.87,74.25,28.95,"48Â min",470740,"Demolish & Build 2017"
28.95,12.87,81.31,28.95,"48Â min",532320,"de Blob"
32.58,12.86,73.48,49.95,"1.53Â hours",1091980,"The Bard's Tale IV: Director's Cut"
29.95,12.84,80.71,29.95,"45Â min",1225570,"Unravel Two"
26.72,12.83,81.54,28.95,"1.08Â hours",26900,"Crayon Physics Deluxe"
26.72,12.83,71.3,28.95,"1.08Â hours",231330,"Deadfall Adventures"
26.72,12.83,86.69,28.95,"1.08Â hours",767930,"Assault Spy"
39.99,12.72,78.49,39.99,"28Â min",521890,"Hello Neighbor"
39.95,12.71,74.29,39.95,"28Â min",952540,"Romancing SaGa 3â„¢"
39.95,12.71,82.53,39.95,"28Â min",1522820,"Orcs Must Die! 3"
26.24,12.7,68.49,27.99,"1.07Â hours",904360,"Family Man"
42.95,12.63,69.38,42.95,"25Â min",757300,Truberbrook
28.99,12.58,86.31,28.99,"46Â min",281640,"The Banner Saga 2"
28.95,12.56,94.88,28.95,"46Â min",1307580,TOEM
26.32,12.53,68.63,28.95,"1.10Â hours",1140630,"Red Wings"
29.99,12.52,85.86,29.99,"43Â min",522470,"The House of Da Vinci"
35.95,12.5,80.24,35.95,"32Â min",237850,"Dreamfall Chapters"
29.5,12.48,93.77,29.5,"44Â min",512900,"Streets of Rogue"
32.18,12.46,89.47,50.95,"1.58Â hours",505230,"Pathologic 2"
33.5,12.41,79.93,56.95,"1.70Â hours",738540,"Tales of Vesperia: Definitive Edition"
26.43,12.39,86.76,29.95,"1.13Â hours",19680,"Alice: Madness Returns"
26.43,12.39,81.9,29.95,"1.13Â hours",968790,"DYNASTY WARRIORS 7: Xtreme Legends Definitive Edition"
30.31,12.37,93.52,43.95,"1.45Â hours",257510,"The Talos Principle"
29.95,12.33,68.84,29.95,"42Â min",65930,"The Bureau: XCOM Declassified"
29.5,12.32,74.15,29.5,"43Â min",209540,"Strike Suit Zero"
37.35,12.31,84.75,75.95,"2.03Â hours",790820,"Valkyria Chronicles 4 Complete Edition"
35.95,12.25,79.43,35.95,"31Â min",98200,"Frozen Synapse"
25.93,12.25,91.53,28.95,"1.12Â hours",368340,CrossCode
29.95,12.16,85.53,29.95,"41Â min",427190,"Dead Rising"
24.95,12.16,86.09,24.95,"57Â min",460810,Vanquish
28.95,12.09,86.36,28.95,"43Â min",313690,"LEGOÂ® Batmanâ„¢ 3: Beyond Gotham"
28.95,12.09,92.27,28.95,"43Â min",801480,"Agent A: A puzzle in disguise"
44.99,12.07,77.09,44.99,"22Â min",1175830,"Legend of Mana"
29.95,11.98,90.32,29.95,"40Â min",254700,"resident evil 4 (2005)"
27.95,11.98,88.3,27.95,"45Â min",675010,MudRunner
29.95,11.98,88.93,29.95,"40Â min",761600,"Onimusha: Warlords"
35.95,11.98,73.11,35.95,"30Â min",943140,Sparklite
25.54,11.97,85.97,28.95,"1.13Â hours",592480,"Knights and Bikes"
24.95,11.93,86.5,24.95,"55Â min",651500,"My Memory of Us"
28.95,11.92,86.37,28.95,"42Â min",704450,"Neverwinter Nights: Enhanced Edition"
25.67,11.85,85.37,29.95,"1.17Â hours",959000,"Edna & Harvey: The Breakout - Anniversary Edition"
30.9,11.81,81.63,49.95,"1.62Â hours",239250,"Castlevania: Lords of Shadow 2"
29.5,11.8,89.74,29.5,"40Â min",1160220,"Paradise Killer"
29.95,11.8,61.14,29.95,"39Â min",1238080,"Burnoutâ„¢ Paradise Remastered"
28.95,11.75,88.03,28.95,"41Â min",1154810,"Going Under"
35.95,11.71,93.54,35.95,"29Â min",674140,Bugsnax
25.29,11.67,92.71,29.5,"1.17Â hours",57300,"Amnesia: The Dark Descent"
35.98,11.67,66.65,74.95,"2.08Â hours",756530,"TOKYO GHOULï¼šre [CALL to EXIST]"
25.29,11.67,84.49,29.5,"1.17Â hours",1095120,"Helheim Hassle"
28.96,11.66,85.51,42.95,"1.48Â hours",251110,INFRA
28.95,11.58,82.39,28.95,"40Â min",563190,"de Blob 2"
24.95,11.58,93.6,24.95,"52Â min",638970,"Yakuza 0"
42.95,11.52,78.45,42.95,"22Â min",234080,"Castlevania: Lords of Shadow - Ultimate Edition"
33.26,11.47,78.09,63.2,"1.90Â hours",952060,"Resident Evil 3"
39.95,11.41,79.13,39.95,"24Â min",1238040,"Dragon Age II"
28.95,11.4,73.68,28.95,"39Â min",246760,"Legends of Eisenwald"
28.95,11.4,73.92,28.95,"39Â min",261530,"Lifeless Planet"
28.95,11.4,74.7,28.95,"39Â min",912570,"BEAUTIFUL DESOLATION"
24.95,11.34,88.34,24.95,"50Â min",18040,DeathSpank
26.63,11.33,75.42,35.95,"1.35Â hours",926580,"Broken Lines"
22.95,11.28,95.59,22.95,"58Â min",250320,"The Wolf Among Us"
44.95,11.24,71.1,44.95,"20Â min",1110910,"Mortal Shell"
28.95,11.23,76.98,28.95,"38Â min",787810,"Rogue Heroes: Ruins of Tasos"
24.58,11.17,67.24,29.5,"1.20Â hours",962630,"Transient: Extended Edition"
24.95,11.09,90.27,24.95,"48Â min",460790,Bayonetta
22.95,11.08,65.6,22.95,"56Â min",214250,"I Am Alive"
39.95,11.07,88.18,39.95,"23Â min",47810,"Dragon Age: Origins - Ultimate Edition"
28.99,11.06,86.93,28.99,"37Â min",237990,"The Banner Saga"
28.95,11.04,90.6,28.95,"37Â min",389140,"Horizon Chase Turbo"
28.95,11.04,82.59,28.95,"37Â min",493540,Figment
28.95,11.04,96.09,28.95,"37Â min",504230,Celeste
28.95,11.04,87.25,28.95,"37Â min",534550,"Guacamelee! 2"
28.95,11.04,87.51,28.95,"37Â min",595140,"Immortal Redneck"
28.95,11.04,77.97,28.95,"37Â min",622720,"Weedcraft Inc"
28.95,11.04,81.82,28.95,"37Â min",623640,Mulaka
29.95,11.03,75.98,29.95,"35Â min",45740,"Dead Rising 2"
24.99,10.98,90.34,24.99,"47Â min",207350,"Ys Origin"
23.95,10.89,74.26,23.95,"50Â min",340490,Subterrain
33.58,10.89,79.57,69.95,"2.08Â hours",351970,"Tales of Zestiria"
28.95,10.86,92.37,28.95,"36Â min",571310,"SteamWorld Dig 2"
29.95,10.83,89.41,29.95,"34Â min",201810,"Wolfenstein: The New Order"
36.65,10.78,76.76,87.95,"2.40Â hours",275850,"No Man's Sky"
23.95,10.77,86.62,23.95,"49Â min",542050,"Forgotton Anne"
22.95,10.76,90.04,22.95,"53Â min",256290,"Child of Light"
21.5,10.75,51.74,21.5,"60Â min",209750,"Cannon Fodder 3"
23.79,10.73,77.99,28.95,"1.22Â hours",1000760,Foregone
28.95,10.67,69.94,28.95,"35Â min",246110,"MASSIVE CHALICE"
29.5,10.67,89.86,29.5,"34Â min",716490,EXAPUNKS
29.95,10.63,87.52,29.95,"33Â min",1225560,Unravel
21.5,10.57,94.4,21.5,"58Â min",362680,"Fran Bow"
21.5,10.57,79.11,21.5,"58Â min",1148650,"The Legend of Bum-Bo"
21.5,10.47,84.23,21.5,"57Â min",353700,"The Deadly Tower of Monsters"
32.79,10.46,84.03,69.95,"2.13Â hours",525480,".hack//G.U. Last Recode"
21.42,10.45,92.55,22.49,"1.05Â hours",638230,Journey
30.76,10.43,85.64,59.99,"1.95Â hours",501590,"Bulletstorm: Full Clip Edition"
23.99,10.41,82.05,23.99,"46Â min",529660,"Mages of Mystralia"
21.5,10.38,77.8,21.5,"56Â min",465280,"Yesterday Origins"
21.5,10.38,68.88,21.5,"56Â min",1253710,Garbage
42.95,10.33,57.57,42.95,"19Â min",1109690,"Asterix & Obelix XXL 3 - The Crystal Menhir"
22.01,10.32,92.69,24.95,"1.13Â hours",927380,"Yakuza Kiwami 2"
28.95,10.27,94.11,28.95,"33Â min",413420,"Danganronpa 2: Goodbye Despair"
28.95,10.27,87.67,28.95,"33Â min",714120,"Little Misfortune"
35.95,10.27,80.06,35.95,"24Â min",954650,"Druidstone: The Secret of the Menhir Forest"
20.65,10.24,85.5,20.99,"1.02Â hours",917840,"Wintermoor Tactics Club"
22.95,10.2,68.79,22.95,"48Â min",966430,Neverinth
21.5,10.18,88.59,21.5,"54Â min",378610,Valley
47.95,10.09,92.24,47.95,"16Â min",969990,"SpongeBob SquarePants: Battle for Bikini Bottom - Rehydrated"
21.95,10.09,90.0,21.95,"51Â min",1179210,"Kill It With Fire"
28.95,10.07,88.22,28.95,"32Â min",296970,"Renowned Explorers: International Society"
28.95,10.07,87.54,28.95,"32Â min",416600,"Full Metal Furies"
28.95,10.07,75.96,28.95,"32Â min",736810,"The Raven Remastered"
28.95,10.07,93.78,28.95,"32Â min",1172450,Carto
29.5,10.05,68.01,29.5,"31Â min",239200,"Amnesia: A Machine for Pigs"
22.49,10.0,91.33,22.49,"48Â min",554620,"Life is Strange: Before the Storm"
20.48,9.99,76.06,21.5,"1.05Â hours",326840,Heart&Slash
39.95,9.99,88.49,39.95,"20Â min",631510,"Devil May Cry HD Collection"
21.5,9.98,67.48,21.5,"52Â min",1266890,"Tactical Troops: Anthracite Shift"
35.95,9.96,92.11,35.95,"23Â min",219990,"Grim Dawn"
35.95,9.96,88.17,35.95,"23Â min",512790,"Quern - Undying Thoughts"
42.95,9.91,69.02,42.95,"18Â min",650510,"ZONE OF THE ENDERS THE 2nd RUNNER : MARS / ANUBIS ZONE OF THE ENDERS : MARS"
28.95,9.86,86.13,28.95,"31Â min",21000,"LEGOÂ® Batmanâ„¢: The Videogame"
28.95,9.86,85.91,28.95,"31Â min",404680,Hob
23.95,9.86,68.19,23.95,"42Â min",699670,"Feudal Alloy"
28.95,9.86,89.55,28.95,"31Â min",848350,"Katamari Damacy REROLL"
28.95,9.86,85.63,28.95,"31Â min",914020,"Gibbous - A Cthulhu Adventure"
22.95,9.84,86.82,22.95,"45Â min",48190,"Assassin's Creed Brotherhood"
21.5,9.77,92.31,21.5,"50Â min",516750,"My Summer Car"
27.5,9.76,82.71,49.95,"1.82Â hours",288470,"Fable Anniversary"
29.95,9.76,80.59,29.95,"29Â min",1225590,"Sea of Solitude"
20.16,9.75,88.56,21.5,"1.07Â hours",41500,Torchlight
20.16,9.75,78.8,21.5,"1.07Â hours",598490,"Healer's Quest"
25.95,9.73,88.02,25.95,"36Â min",283640,"Salt and Sanctuary"
20.26,9.73,96.1,21.95,"1.08Â hours",367520,"Hollow Knight"
22.27,9.68,84.42,28.95,"1.30Â hours",1037130,"Dandy Ace"
21.5,9.67,92.42,21.5,"49Â min",914710,"Cat Quest II"
28.95,9.65,91.03,28.95,"30Â min",359510,"Tangle Tower"
28.95,9.65,76.75,28.95,"30Â min",638650,"Sword Art Online Re: Hollow Fragment"
19.95,9.63,71.15,19.95,"56Â min",216910,"Of Orcs And Men"
26.95,9.56,83.38,26.95,"33Â min",233290,"MURDERED: SOUL SUSPECTâ„¢"
29.95,9.53,86.88,29.95,"28Â min",220740,"Chaos on Deponia"
19.85,9.53,91.88,21.5,"1.08Â hours",609320,"FAR: Lone Sails"
24.95,9.52,78.62,24.95,"37Â min",1088710,"Yakuza 3 Remastered"
42.95,9.48,86.13,42.95,"17Â min",279940,"The Book of Unwritten Tales 2"
21.5,9.44,88.07,21.5,"47Â min",113020,Monaco
28.95,9.43,51.79,28.95,"29Â min",513290,"Lucius III"
28.95,9.43,92.14,28.95,"29Â min",866800,"The Walking Dead: The Final Season"
35.95,9.32,61.99,35.95,"21Â min",865610,Backbone
19.55,9.31,83.71,21.5,"1.10Â hours",275180,"Costume Quest 2"
19.55,9.31,89.9,21.5,"1.10Â hours",278360,"A Story About My Uncle"
19.55,9.31,91.26,21.5,"1.10Â hours",336140,Unavowed
29.95,9.29,87.69,29.95,"27Â min",287390,"Metro: Last Light Redux"
20.27,9.29,88.16,23.99,"1.18Â hours",294860,"Valkyria Chroniclesâ„¢"
26.15,9.23,90.26,47.95,"1.83Â hours",803330,"Destroy All Humans!"
21.5,9.21,93.24,21.5,"45Â min",35700,Trine
28.95,9.21,82.81,28.95,"28Â min",372360,"Tales of Symphonia"
33.73,9.2,91.45,89.95,"2.67Â hours",851850,"DRAGON BALL Z: KAKAROT"
18.95,9.15,92.54,18.95,"56Â min",572890,Pikuniku
23.95,9.14,68.38,23.95,"37Â min",609150,"STAR OCEANâ„¢ - THE LAST HOPEâ„¢ - 4K & Full HD Remaster"
21.5,9.1,80.91,21.5,"44Â min",250400,"How to Survive"
21.5,9.1,81.04,21.5,"44Â min",252030,"Valdis Story: Abyssal City"
19.56,9.1,81.02,22.49,"1.15Â hours",1206430,"The Unfinished Swan"
26.29,9.07,85.62,49.95,"1.90Â hours",1238860,"Battlefield 4â„¢ "
29.95,9.05,86.02,29.95,"26Â min",230820,"The Night of the Rabbit"
28.95,8.98,91.08,28.95,"27Â min",466300,"Planescape: Torment: Enhanced Edition"
28.95,8.98,82.49,28.95,"27Â min",517710,"Redout: Enhanced Edition"
21.18,8.95,71.95,28.95,"1.37Â hours",871530,"Radio Commander"
29.5,8.92,93.81,29.5,"26Â min",558990,"Opus Magnum"
22.95,8.9,77.35,22.95,"38Â min",6510,"Lost Planet: Extreme Condition"
49.95,8.9,69.09,49.95,"13Â min",1238820,"Battlefield 3â„¢ "
20.0,8.89,83.4,20.0,"48Â min",779590,"Scavenger SV-4"
19.09,8.88,75.38,21.95,"1.15Â hours",232430,"Gone Home"
19.68,8.88,74.8,23.95,"1.22Â hours",505170,"Carmageddon: Max Damage"
18.45,8.86,84.47,19.99,"1.08Â hours",204630,"Retro City Rampageâ„¢ DX"
18.45,8.86,81.12,19.99,"1.08Â hours",565120,"The Station"
21.5,8.85,90.75,21.5,"42Â min",224480,"Octodad: Dadliest Catch"
21.5,8.85,91.29,21.5,"42Â min",400630,"Wuppo - Definitive Edition"
21.5,8.85,65.87,21.5,"42Â min",489260,Brut@l
29.99,8.82,87.77,29.99,"25Â min",1259840,"The House of Da Vinci 2"
34.0,8.81,63.32,34.0,"21Â min",319910,"Trine 3: The Artifacts of Power"
18.95,8.8,77.84,18.95,"52Â min",1720090,"Aspire: Ina's Tale"
24.31,8.79,59.29,42.95,"1.77Â hours",783170,"INSOMNIA: The Ark"
20.93,8.78,88.57,28.95,"1.38Â hours",243970,"Invisible, Inc."
18.5,8.76,95.48,18.5,"54Â min",1240210,"There Is No Game: Wrong Dimension"
28.95,8.75,86.68,28.95,"26Â min",209000,"Batmanâ„¢: Arkham Origins"
28.95,8.75,90.14,28.95,"26Â min",382560,"Hot Lava"
28.95,8.75,87.13,28.95,"26Â min",920320,"Virgo Versus the Zodiac"
21.5,8.73,77.75,21.5,"41Â min",535520,"Nidhogg 2"
21.5,8.73,81.05,21.5,"41Â min",1173200,"Metal Unit"
22.45,8.71,72.4,22.45,"38Â min",249230,"Risen 3 - Titan Lords"
18.81,8.68,95.26,21.95,"1.17Â hours",274190,Broforce
21.95,8.65,90.41,21.95,"39Â min",447150,"APE OUT"
42.95,8.59,88.12,42.95,"15Â min",690640,"Trine 4: The Nightmare Prince"
18.99,8.54,83.54,18.99,"49Â min",4720,"Condemned: Criminal Origins"
28.95,8.51,93.28,28.95,"25Â min",35720,"Trine 2"
18.86,8.51,83.71,22.95,"1.22Â hours",201870,"Assassin's Creed Revelations"
21.95,8.51,76.0,21.95,"38Â min",331690,"Crossing Souls"
28.95,8.51,81.02,28.95,"25Â min",809880,"Degrees of Separation"
20.44,8.46,42.25,28.95,"1.42Â hours",267490,"Batmanâ„¢: Arkham Origins Blackgate - Deluxe Edition"
23.52,8.45,75.37,41.95,"1.78Â hours",644830,"The Surge 2"
18.95,8.42,73.87,18.95,"48Â min",400180,"Okhlos: Omega"
39.95,8.41,81.93,39.95,"16Â min",735580,"11-11 Memories Retold"
21.5,8.34,89.61,21.5,"38Â min",255390,"Max: The Curse of Brotherhood"
21.5,8.34,74.08,21.5,"38Â min",318600,"The Flame in the Flood"
18.17,8.32,80.1,21.5,"1.18Â hours",650220,"Interplanetary: Enhanced Edition"
22.95,8.3,93.46,22.95,"34Â min",260230,"Valiant Hearts: The Great Warâ„¢ / Soldats Inconnus : MÃ©moires de la Grande Guerreâ„¢"
20.42,8.28,73.94,29.95,"1.47Â hours",743890,"Mega Man X Legacy Collection"
28.95,8.27,60.96,28.95,"24Â min",32500,"STAR WARSâ„¢: The Force Unleashedâ„¢ II"
18.5,8.22,92.25,18.5,"48Â min",914800,"Coffee Talk"
29.5,8.17,83.15,29.5,"23Â min",274270,"NOT A HERO"
29.5,8.17,59.97,29.5,"23Â min",291690,"Empathy: Path of Whispers"
29.5,8.17,87.98,29.5,"23Â min",462770,Pyre
22.61,8.17,85.92,39.95,"1.77Â hours",1462570,"Lost in Randomâ„¢"
17.92,8.14,83.5,21.5,"1.20Â hours",16450,"F.E.A.R. 2: Project Origin"
17.92,8.14,66.57,21.5,"1.20Â hours",523650,"Lust for Darkness"
18.04,8.14,69.27,21.95,"1.22Â hours",636320,"Depth of Extinction"
18.04,8.14,89.55,21.95,"1.22Â hours",688420,"Bad North"
21.5,8.06,81.27,21.5,"36Â min",232790,"Broken Age"
21.5,8.06,66.54,21.5,"36Â min",595770,"AirMech Wastelands"
21.5,8.06,91.55,21.5,"36Â min",1045720,"The Coma 2: Vicious Sisters"
29.95,8.04,90.43,29.95,"22Â min",304240,"Resident Evil"
29.95,8.04,73.92,29.95,"22Â min",314810,"Randal's Monday"
23.45,8.04,85.26,44.95,"1.92Â hours",973810,"Journey To The Savage Planet"
30.99,8.03,69.83,30.99,"21Â min",209630,"Magrunner: Dark Pulse"
28.95,8.02,94.48,28.95,"23Â min",242760,"The Forest"
28.95,8.02,83.93,28.95,"23Â min",635320,"Last Day of June"
28.95,8.02,74.57,28.95,"23Â min",668550,"8Doors: Arum's Afterlife Adventure"
28.95,8.02,48.96,28.95,"23Â min",936490,"Counter Terrorist Agency"
28.95,8.02,78.73,28.95,"23Â min",1220150,"Blue Fire"
19.5,8.01,76.88,27.95,"1.43Â hours",399810,"Call of Cthulhu"
19.74,8.0,90.27,28.95,"1.47Â hours",33930,"Arma 2: Operation Arrowhead"
22.95,7.98,63.68,22.95,"32Â min",435480,"Trials of the Blood Dragon"
21.95,7.94,87.92,21.95,"34Â min",396710,"The Adventure Pals"
21.5,7.92,92.19,21.5,"35Â min",274520,Darkwood
21.5,7.92,75.13,21.5,"35Â min",618970,"Outcast - Second Contact"
17.75,7.89,70.74,17.75,"48Â min",635200,Distrust
19.52,7.86,74.58,28.95,"1.48Â hours",307670,"Hard West"
19.52,7.86,63.03,28.95,"1.48Â hours",577410,"The Pit: Infinity"
17.43,7.81,96.39,21.5,"1.23Â hours",460950,"Katana ZERO"
23.95,7.8,73.11,23.95,"29Â min",425210,Shadwen
21.95,7.79,85.56,21.95,"33Â min",331480,Pinstripe
21.5,7.78,79.48,21.5,"34Â min",780390,"Space Bob vs. The Replicons"
28.95,7.77,93.18,28.95,"22Â min",466630,"The Pedestrian"
27.95,7.75,80.17,27.95,"23Â min",355790,"Styx: Shards of Darkness"
40.95,7.75,75.21,40.95,"14Â min",887060,"Asterix & Obelix XXL 2"
19.53,7.71,63.77,29.95,"1.53Â hours",641080,"Trials Rising"
18.95,7.69,75.6,18.95,"41Â min",327890,"I Am Bread"
21.14,7.69,66.23,36.99,"1.75Â hours",671510,Desolate
22.41,7.68,49.49,42.95,"1.92Â hours",386280,"Vendetta - Curse of Raven's Cry"
29.5,7.65,80.51,29.5,"21Â min",218740,"Pid "
42.95,7.65,81.39,42.95,"13Â min",502370,"Warhammer 40,000: Sanctus Reach"
17.33,7.65,83.83,21.95,"1.27Â hours",890720,"In Other Waters"
29.5,7.65,77.55,29.5,"21Â min",897930,"Demonheart: Hunters"
21.5,7.63,85.32,21.5,"33Â min",1235830,"Dark Water : Slime Invader"
23.95,7.62,91.62,23.95,"28Â min",597760,"Yuppie Psycho"
18.49,7.61,69.32,18.49,"42Â min",1003120,HitchHiker
26.33,7.6,85.48,64.95,"2.47Â hours",301640,"Zombie Army Trilogy"
20.74,7.59,76.43,35.95,"1.73Â hours",1069530,"Narita Boy"
19.09,7.58,76.83,28.95,"1.52Â hours",260160,"The Last Tinker: City of Colors"
19.09,7.58,92.63,28.95,"1.52Â hours",813630,Supraland
24.95,7.54,87.02,24.95,"26Â min",1105510,"Yakuza 5 Remastered"
28.95,7.51,87.17,28.95,"21Â min",215160,"The Book of Unwritten Tales"
28.9,7.49,81.82,28.9,"21Â min",626660,"Flipping Death"
21.5,7.48,77.46,21.5,"32Â min",358090,"D4: Dark Dreams Don't Die"
21.5,7.48,68.26,21.5,"32Â min",365810,"Flying Tigers: Shadows Over China"
20.99,7.45,89.3,20.99,"33Â min",600370,Paradigm
18.88,7.45,86.43,28.95,"1.53Â hours",622650,"Bendy and the Ink Machine"
22.16,7.43,43.54,43.95,"1.98Â hours",2870,"X Rebirth"
56.95,7.43,83.59,56.95,"9Â min",567640,"Danganronpa V3: Killing Harmony"
25.95,7.41,77.74,25.95,"24Â min",1367300,"Blade Assault"
18.5,7.4,89.04,18.5,"40Â min",416680,"Zombie Night Terror"
18.5,7.4,64.78,18.5,"40Â min",843230,"Album Corvus"
21.5,7.32,89.79,21.5,"31Â min",250260,"Jazzpunk: Director's Cut"
21.5,7.32,75.89,21.5,"31Â min",651660,"Halcyon 6: Lightspeed Edition"
21.95,7.32,94.15,21.95,"30Â min",990630,"The Last Campfire"
14.95,7.28,76.08,14.95,"57Â min",19980,"Prince of Persia"
15.5,7.27,76.56,15.5,"53Â min",771810,"The spy who shot meâ„¢"
28.95,7.24,54.87,28.95,"20Â min",39690,ArcaniA
28.95,7.24,60.15,28.95,"20Â min",296830,"Lucius II"
28.95,7.24,64.8,28.95,"20Â min",574200,"EARTH DEFENSE FORCE 4.1 WINGDIVER THE SHOOTER"
24.23,7.23,71.43,56.95,"2.35Â hours",243950,"Divinity: Dragon Commander"
29.95,7.2,83.36,29.95,"19Â min",268050,"The Evil Within"
35.95,7.19,67.68,35.95,"15Â min",250680,BELOW
35.95,7.19,72.65,35.95,"15Â min",435100,2Dark
35.95,7.19,87.07,35.95,"15Â min",636450,"Rez Infinite"
16.54,7.19,91.55,21.5,"1.30Â hours",1205450,"Turnip Boy Commits Tax Evasion"
21.5,7.17,90.29,21.5,"30Â min",200900,"Cave Story+"
21.5,7.17,76.47,21.5,"30Â min",311720,Sproggiwood
21.5,7.17,61.47,21.5,"30Â min",369110,"The Swindle"
21.5,7.17,79.63,21.5,"30Â min",602430,"Yono and the Celestial Elephants"
21.5,7.17,73.24,21.5,"30Â min",785740,"This Is the Police 2"
22.49,7.16,94.84,22.49,"28Â min",557600,Gorogoa
42.95,7.16,68.98,42.95,"12Â min",580710,"Afghanistan '11"
21.15,7.09,74.3,41.95,"1.98Â hours",471010,"Seven: Enhanced Edition"
14.26,7.07,41.31,14.5,"1.02Â hours",292420,"Panzer Elite Action Fields of Glory"
14.26,7.07,94.42,14.5,"1.02Â hours",942970,Unheard
14.5,7.06,72.56,14.5,"57Â min",520720,"Dear Esther: Landmark Edition"
21.3,7.06,62.44,42.95,"2.02Â hours",910830,"Rebel Galaxy Outlaw"
14.5,7.0,83.43,14.5,"56Â min",447290,Redeemer
27.95,6.99,68.64,27.95,"20Â min",276810,"Mordheim: City of the Damned"
23.73,6.98,82.39,56.95,"2.40Â hours",1003890,Blacksad
18.34,6.96,91.36,29.95,"1.63Â hours",17460,"Mass Effect (2007)"
28.95,6.96,69.26,28.95,"19Â min",57740,"Jagged Alliance - Back in Action"
28.95,6.96,87.87,28.95,"19Â min",405830,"Turok 2: Seeds of Evil"
14.99,6.96,53.83,14.99,"52Â min",716630,"Battlevoid: Sector Siege"
18.34,6.96,74.29,29.95,"1.63Â hours",743900,"Mega Man X Legacy Collection 2"
14.95,6.94,52.46,14.95,"52Â min",225360,DARK
19.95,6.94,88.31,19.95,"32Â min",262830,Crimsonland
19.95,6.94,78.01,19.95,"32Â min",409710,"BioShock Remastered"
22.95,6.94,88.46,22.95,"26Â min",675260,"Batman: The Enemy Within - The Telltale Series"
14.5,6.93,84.68,14.5,"55Â min",290770,"The Fall"
14.5,6.93,77.13,14.5,"55Â min",492180,Haimrik
24.99,6.92,90.2,24.99,"23Â min",251150,"The Legend of Heroes: Trails in the Sky"
16.13,6.91,91.55,21.5,"1.33Â hours",211820,Starbound
16.13,6.91,72.81,21.5,"1.33Â hours",334420,"Out There: Î© Edition"
16.13,6.91,96.61,21.5,"1.33Â hours",1089980,"The Henry Stickmin Collection"
23.57,6.9,74.52,56.95,"2.42Â hours",710470,"Little Witch Academia: Chamber of Time"
14.5,6.87,84.22,14.5,"54Â min",452060,Caveblazers
18.15,6.85,76.43,29.95,"1.65Â hours",45770,"Dead Rising 2: Off the Record"
18.15,6.85,59.57,29.95,"1.65Â hours",55100,Homefront
21.5,6.84,80.17,21.5,"28Â min",311010,"The Way"
21.5,6.84,86.93,21.5,"28Â min",428750,"Neon Chrome"
23.95,6.84,94.92,23.95,"24Â min",683320,GRIS
21.5,6.84,82.41,21.5,"28Â min",733210,Neversong
22.2,6.83,72.25,49.95,"2.25Â hours",312650,Battlezone
18.5,6.82,81.34,18.5,"35Â min",312750,"Final Fantasy IV (3D Remake)"
15.55,6.81,91.43,19.95,"1.28Â hours",2200,"Quake III Arena"
21.95,6.81,83.62,21.95,"27Â min",331870,"AER Memories of Old"
16.99,6.8,74.85,16.99,"40Â min",308060,"Black The Fall"
14.95,6.8,71.59,14.95,"50Â min",354380,"Assassinâ€™s CreedÂ® Chronicles: China"
14.5,6.8,65.81,14.5,"53Â min",514150,"Line of Sight: Vietnam"
14.02,6.78,75.65,14.95,"1.07Â hours",9200,RAGE
14.02,6.78,87.72,14.95,"1.07Â hours",33230,"Assassin's Creed II"
14.5,6.73,90.19,14.5,"52Â min",361280,Turmoil
28.95,6.68,90.72,28.95,"18Â min",598550,Huntdown
28.95,6.68,93.76,28.95,"18Â min",1082710,"Bug Fables: The Everlasting Sapling"
21.5,6.67,90.1,21.5,"27Â min",214770,"Guacamelee! Gold Edition"
21.5,6.67,95.56,21.5,"27Â min",447530,"VA-11 Hall-A: Cyberpunk Bartender Action"
21.5,6.67,79.81,21.5,"27Â min",907600,"Towaga: Among Shadows"
19.99,6.66,96.51,19.99,"30Â min",250900,"The Binding of Isaac: Rebirth"
14.5,6.66,68.86,14.5,"51Â min",289600,Marauder
19.95,6.65,63.88,19.95,"30Â min",492230,"Space Hulk: Tactics"
29.95,6.61,87.99,29.95,"17Â min",242550,"Rayman Legends"
29.95,6.61,84.44,29.95,"17Â min",327220,"Anna's Quest"
14.5,6.59,65.02,14.5,"50Â min",4520,"Full Spectrum Warrior"
36.95,6.58,75.7,36.95,"13Â min",1137450,Encodya
18.5,6.56,90.18,18.5,"33Â min",397340,SimplePlanes
18.5,6.56,62.33,18.5,"33Â min",1510580,"Toy Tinker Simulator"
14.5,6.52,87.41,14.5,"49Â min",588950,Kingsway
17.37,6.51,54.24,28.95,"1.67Â hours",628330,"Warlocks 2: God Slayers"
29.5,6.51,73.53,29.5,"17Â min",741510,"The Hong Kong Massacre"
36.5,6.5,90.46,36.5,"13Â min",300570,Infinifactory
21.5,6.5,89.81,21.5,"26Â min",307580,Technobabylon
21.5,6.5,86.68,21.5,"26Â min",510540,"Long Gone Days"
17.95,6.49,79.11,17.95,"34Â min",536220,"The Walking Dead: A New Frontier"
21.95,6.46,84.07,21.95,"25Â min",489140,"Mr Shifty"
14.5,6.44,89.83,14.5,"48Â min",22120,"Penumbra: Black Plague"
14.5,6.44,69.42,14.5,"48Â min",264240,CONSORTIUM
14.5,6.44,74.13,14.5,"48Â min",632070,"The Fidelio Incident"
17.2,6.41,85.93,28.95,"1.68Â hours",321800,"Icewind Dale: Enhanced Edition"
17.2,6.41,94.07,28.95,"1.68Â hours",413410,"Danganronpa: Trigger Happy Havoc"
15.36,6.4,72.71,21.5,"1.40Â hours",530020,"World to the West"
28.95,6.39,82.79,28.95,"17Â min",368620,Timespinner
28.95,6.39,91.4,28.95,"17Â min",377840,"FINAL FANTASY IX"
28.95,6.39,69.06,28.95,"17Â min",426310,Perception
22.95,6.36,69.85,22.95,"23Â min",33220,"Tom Clancy's Splinter Cell: Conviction"
18.59,6.34,92.24,35.95,"1.93Â hours",568220,"Lobotomy Corporation"
21.5,6.32,80.53,21.5,"25Â min",278100,RIVE
21.5,6.32,87.42,21.5,"25Â min",390720,Anarcute
29.95,6.31,73.78,29.95,"16Â min",261110,"Killer is Dead"
29.95,6.31,75.75,29.95,"16Â min",1225580,Fe
18.5,6.3,71.39,18.5,"31Â min",1001980,"Archeo: Shinar"
14.5,6.29,78.08,14.5,"46Â min",3020,"Call of Juarez"
14.5,6.29,93.22,14.5,"46Â min",102600,"Orcs Must Die!"
15.31,6.29,85.28,21.95,"1.43Â hours",761620,"Beholder 2"
21.95,6.27,82.33,21.95,"24Â min",622680,"Mayhem in Single Valley"
16.22,6.24,84.34,25.95,"1.60Â hours",244430,"realMyst: Masterpiece Edition"
24.95,6.24,87.18,24.95,"20Â min",427700,"Zwei: The Ilvard Insurrection"
17.11,6.22,85.72,29.95,"1.75Â hours",219910,"Edna & Harvey: Harvey's New Eyes"
14.5,6.21,58.33,14.5,"45Â min",11200,"Shadowgrounds: Survivor"
14.5,6.21,90.47,14.5,"45Â min",252410,"SteamWorld Dig"
19.95,6.19,37.11,19.95,"27Â min",108110,"Starpoint Gemini"
15.0,6.18,78.69,15.0,"42Â min",437250,"A House of Many Doors"
21.5,6.14,91.49,21.5,"24Â min",231160,"The Swapper"
21.5,6.14,72.27,21.5,"24Â min",279440,"Joe Dever's Lone Wolf HD Remastered"
42.95,6.14,52.09,42.95,"10Â min",402130,"FlatOut 4: Total Insanity"
21.5,6.14,87.66,21.5,"24Â min",446840,Splasher
21.5,6.14,85.71,21.5,"24Â min",602700,Chippy
14.5,6.13,79.06,14.5,"44Â min",218640,Lucius
24.5,6.13,78.49,24.5,"20Â min",576960,"ğŸ§  OUT OF THE BOX"
15.3,6.12,88.92,22.95,"1.50Â hours",445980,"Wizard of Legend"
22.0,6.1,69.81,22.0,"23Â min",777410,EarthNight
28.95,6.09,75.04,28.95,"16Â min",573120,"Dead In Vinland"
28.95,6.09,67.97,28.95,"16Â min",774811,"YUMENIKKI -DREAM DIARY-"
28.95,6.09,88.52,28.95,"16Â min",1000030,"Cook, Serve, Delicious! 3?!"
14.83,6.05,92.26,21.5,"1.45Â hours",590380,"Into the Breach"
14.83,6.05,81.81,21.5,"1.45Â hours",654050,JYDGE
18.5,6.03,76.79,18.5,"29Â min",219200,"Droid Assault"
23.71,6.0,93.07,69.95,"2.95Â hours",1449690,"The Walking Dead: The Telltale Definitive Series"
29.95,5.99,89.45,29.95,"15Â min",17470,"Dead Space (2008)"
29.95,5.99,88.45,29.95,"15Â min",356400,Thumper
13.95,5.98,88.09,13.95,"45Â min",35130,"Lara Croft and the Guardian of Light"
18.73,5.98,82.9,39.95,"2.13Â hours",108800,"Crysis 2 Maximum Edition"
14.5,5.97,95.32,14.5,"42Â min",219740,"Don't Starve"
21.5,5.96,85.01,21.5,"23Â min",260190,"Marc EckÅ's Getting Up: Contents Under Pressure"
21.5,5.96,66.44,21.5,"23Â min",347290,"Rise & Shine"
21.5,5.96,79.42,21.5,"23Â min",454250,"The Eyes of Ara"
21.5,5.96,85.88,21.5,"23Â min",1085510,"Garfield Kart - Furious Racing"
16.64,5.94,78.49,29.95,"1.80Â hours",10150,Prototype
16.54,5.94,83.08,29.5,"1.78Â hours",343860,Tacoma
29.5,5.9,85.5,29.5,"15Â min",465200,"Fury Unleashed"
16.95,5.9,87.4,16.95,"32Â min",618950,"Agatha Knife"
15.43,5.9,90.93,24.95,"1.62Â hours",834530,"Yakuza Kiwami"
14.95,5.89,70.63,14.95,"39Â min",21670,"Bionic Commando"
18.5,5.89,83.88,18.5,"28Â min",219190,Ultratron
14.5,5.89,74.22,14.5,"41Â min",338140,Venetica
18.5,5.89,80.05,18.5,"28Â min",1131810,"Gordon Streaman"
16.23,5.83,92.32,28.95,"1.78Â hours",334940,"Yoku's Island Express"
20.99,5.82,54.81,20.99,"23Â min",42170,Krater
14.5,5.8,80.63,14.5,"40Â min",233720,"Surgeon Simulator"
14.5,5.8,90.16,14.5,"40Â min",285740,"Kitty Powers' Matchmaker"
14.5,5.8,57.02,14.5,"40Â min",634120,Inmates
14.5,5.8,87.38,14.5,"40Â min",881040,"Bug Academy"
28.95,5.79,80.21,28.95,"15Â min",32450,"LEGOÂ® Indiana Jonesâ„¢ 2: The Adventure Continues"
28.95,5.79,82.44,28.95,"15Â min",346110,"ARK: Survival Evolved"
28.95,5.79,90.24,28.95,"15Â min",433550,DARQ
14.14,5.77,91.89,20.5,"1.45Â hours",686200,"Door Kickers: Action Squad"
23.95,5.76,76.91,23.95,"19Â min",510490,"The Fall Part 2: Unbound"
48.95,5.76,80.98,48.95,"8Â min",1507720,"MÃ¤rchen Forest"
14.33,5.73,72.04,21.5,"1.50Â hours",366870,Narcosis
18.97,5.72,89.57,43.95,"2.32Â hours",673880,"Warhammer 40,000: Mechanicus"
14.5,5.71,88.31,14.5,"39Â min",205910,"Tiny and Big: Grandpa's Leftovers"
14.5,5.71,94.75,14.5,"39Â min",223470,"POSTAL 2"
39.95,5.71,87.09,39.95,"10Â min",493200,RiME
21.99,5.7,79.34,21.99,"21Â min",783840,"Lakeview Valley"
24.99,5.68,82.27,84.95,"3.40Â hours",589360,"Ni no Kuniâ„¢ II: Revenant Kingdom"
16.19,5.68,75.69,29.95,"1.85Â hours",1237980,"STAR WARSâ„¢ Battlefrontâ„¢"
29.95,5.67,86.46,29.95,"14Â min",2610,GUN
29.99,5.67,91.0,29.99,"14Â min",421120,"Samorost 3"
23.54,5.63,83.32,74.95,"3.18Â hours",728530,"SD GUNDAM G GENERATION CROSS RAYS"
14.5,5.62,82.03,14.5,"38Â min",32750,"Comanche 4"
14.5,5.62,70.92,14.5,"38Â min",281410,"Ubersoldier II"
14.5,5.62,76.56,14.5,"38Â min",433170,"Die Young"
22.45,5.61,49.56,22.45,"20Â min",395560,"Lost Horizon 2"
17.26,5.6,95.09,35.95,"2.08Â hours",457140,"Oxygen Not Included"
21.3,5.58,95.16,59.99,"2.82Â hours",292030,"The Witcher 3: Wild Hunt"
23.42,5.58,78.9,74.95,"3.20Â hours",899440,"GOD EATER 3"
18.95,5.57,58.83,18.95,"25Â min",46750,"Dark Fall: Lost Souls"
17.95,5.57,94.02,17.95,"27Â min",261030,"The Walking Dead: Season Two"
14.5,5.53,85.13,14.5,"37Â min",15320,"IL-2 Sturmovik: 1946"
14.5,5.53,89.71,14.5,"37Â min",115100,"Costume Quest"
14.5,5.53,91.29,14.5,"37Â min",247020,"Cook, Serve, Delicious!"
19.95,5.53,86.23,19.95,"23Â min",312560,"Xanadu Next"
14.5,5.53,77.83,14.5,"37Â min",545040,Feather
14.5,5.53,71.96,14.5,"37Â min",785780,"OF MICE AND SAND -REVISED-"
14.5,5.53,81.0,14.5,"37Â min",976700,"Size Matters"
20.5,5.5,80.43,20.5,"22Â min",407780,"Lethe - Episode One"
21.95,5.49,69.81,21.95,"20Â min",427470,"Democracy 3 Africa"
21.95,5.49,69.74,21.95,"20Â min",520990,"Barrow Hill: The Dark Path"
28.95,5.48,91.27,28.95,"14Â min",200710,"Torchlight II"
28.95,5.48,75.09,28.95,"14Â min",214870,"Painkiller Hell & Damnation"
28.95,5.48,65.16,28.95,"14Â min",289690,"Lara Croft and the Temple of Osiris"
28.95,5.48,75.54,28.95,"14Â min",630310,"The Mummy Demastered"
13.87,5.44,91.89,21.5,"1.55Â hours",221260,"Little Inferno"
18.5,5.44,91.07,18.5,"25Â min",246900,"Viscera Cleanup Detail"
14.5,5.44,77.07,14.5,"36Â min",254480,"Obscure 2"
14.5,5.44,77.87,14.5,"36Â min",332330,"PixelJunkâ„¢ Shooter Ultimate"
18.5,5.44,83.79,18.5,"25Â min",384110,"Pathologic Classic HD"
14.5,5.44,83.15,14.5,"36Â min",927250,"Bladed Fury"
14.95,5.41,75.97,14.95,"34Â min",13540,"Tom Clancy's Rainbow Six: Vegas"
22.45,5.4,60.76,22.45,"19Â min",441680,Obscuritas
21.5,5.38,79.95,21.5,"20Â min",282530,"Castlevania: Lords of Shadow â€“ Mirror of Fate HD"
21.5,5.38,61.21,21.5,"20Â min",740550,"Record of Agarest War Mariage"
15.63,5.36,72.04,29.95,"1.92Â hours",47790,"Medal of Honor(TM) Single Player"
37.5,5.36,69.94,37.5,"10Â min",1694600,"THE HOUSE OF THE DEAD: Remake"
15.53,5.35,88.81,29.5,"1.90Â hours",701160,"Kingdom Two Crowns"
14.5,5.34,90.06,14.5,"35Â min",224760,FEZ
13.99,5.34,85.34,13.99,"37Â min",249050,"Dungeon of the ENDLESSâ„¢"
14.5,5.34,90.09,14.5,"35Â min",510420,"The Hex"
14.5,5.34,75.78,14.5,"35Â min",578690,"Dog Duty"
29.99,5.34,81.7,29.99,"13Â min",739080,"9 Monkeys of Shaolin"
14.99,5.32,75.46,14.99,"33Â min",11190,"Sherlock Holmes versus Jack the Ripper"
18.5,5.29,89.13,18.5,"24Â min",233980,Unepic
21.95,5.28,83.62,21.95,"19Â min",1063490,"Still There"
21.0,5.25,79.75,21.0,"20Â min",747340,"Unforgiving - A Northern Hymn"
14.5,5.24,60.61,14.5,"34Â min",208110,"Myst V"
14.5,5.24,95.81,14.5,"34Â min",219150,"Hotline Miami"
14.5,5.24,72.28,14.5,"34Â min",226100,"Nom Nom Galaxy"
14.5,5.24,81.59,14.5,"34Â min",232970,"Thunder Wolves"
14.99,5.23,92.88,27.99,"1.87Â hours",70400,"Recettear: An Item Shop's Tale"
15.36,5.21,85.97,29.95,"1.95Â hours",17410,"Mirror's Edge"
14.95,5.2,58.72,14.95,"32Â min",359600,"Assassinâ€™s CreedÂ® Chronicles: Russia"
16.59,5.18,72.82,36.5,"2.20Â hours",245470,"Democracy 3"
21.5,5.17,72.04,21.5,"19Â min",851280,MindSeize
28.95,5.16,85.6,28.95,"13Â min",200960,"Geneforge 1"
28.95,5.16,86.67,28.95,"13Â min",1034860,"GRANDIA HD Remaster"
14.5,5.15,56.74,14.5,"33Â min",257770,"Signal Ops"
35.95,5.14,88.94,35.95,"10Â min",417290,"Ghost of a Tale"
14.57,5.11,76.37,26.95,"1.85Â hours",437630,"State of Mind"
19.75,5.09,87.4,56.95,"2.88Â hours",829110,"LEGOÂ® DC Super-Villains"
17.88,5.08,95.39,44.99,"2.52Â hours",264710,Subnautica
21.99,5.07,92.2,21.99,"18Â min",207690,Botanicula
22.95,5.07,80.22,22.95,"17Â min",235210,Strider
21.95,5.07,76.96,21.95,"18Â min",297130,"Titan Souls"
22.95,5.07,54.5,22.95,"17Â min",1016760,"Citizens of Space"
16.62,5.06,61.4,37.95,"2.28Â hours",226720,"Lost Planet 3"
14.5,5.04,86.73,14.5,"32Â min",22180,"Penumbra: Overture"
14.5,5.04,58.42,14.5,"32Â min",33980,"Pound of Ground"
14.5,5.04,89.4,14.5,"32Â min",204030,"Fable - The Lost Chapters"
14.5,5.04,76.75,14.5,"32Â min",268770,"Treasure Adventure World"
14.5,5.04,69.91,14.5,"32Â min",610860,"Shogo: Mobile Armor Division"
16.25,5.04,75.5,16.25,"27Â min",826600,"Iâ€™m not a Monster"
29.99,5.0,71.4,29.99,"12Â min",492290,"Has-Been Heroes"
24.95,4.99,83.11,24.95,"15Â min",1137350,Filament
14.95,4.98,66.59,14.95,"30Â min",207930,"Sacred Citadel"
16.9,4.97,73.69,16.9,"25Â min",337480,"Zombie Vikings"
21.5,4.96,90.74,21.5,"18Â min",241600,"Rogue Legacy"
21.5,4.96,74.2,21.5,"18Â min",269790,DreadOut
21.5,4.96,75.51,21.5,"18Â min",587180,Wulverblade
18.5,4.96,82.74,18.5,"22Â min",603530,"A Robot Named Fight"
14.5,4.94,81.8,14.5,"31Â min",410110,"12 is Better Than 6"
14.5,4.94,91.14,14.5,"31Â min",428550,"Momodora: Reverie Under the Moonlight"
14.5,4.94,73.34,14.5,"31Â min",443650,"Wailing Heights"
14.5,4.94,78.95,14.5,"31Â min",460220,Xenoraid
15.98,4.92,88.75,35.95,"2.25Â hours",322500,SUPERHOT
14.6,4.89,70.56,28.95,"1.98Â hours",21100,"F.E.A.R. 3"
21.95,4.85,77.06,21.95,"17Â min",364210,"Sierra Ops"
21.95,4.85,77.25,21.95,"17Â min",892860,"Hot Brass"
28.95,4.83,82.92,28.95,"12Â min",201010,"Geneforge 5"
14.5,4.83,88.53,14.5,"30Â min",364390,Downfall
28.95,4.83,72.85,28.95,"12Â min",365770,Volume
28.95,4.83,93.26,28.95,"12Â min",424840,"Little Nightmares"
14.5,4.83,67.68,14.5,"30Â min",945680,"Here Be Dragons"
28.95,4.83,78.53,28.95,"12Â min",1042920,Unsouled
14.5,4.83,92.31,14.5,"30Â min",1333910,Sizeable
19.99,4.81,80.22,19.99,"19Â min",1019310,VirtuaVerse
18.5,4.8,81.93,18.5,"21Â min",234390,"Teleglitch: Die More Edition"
18.5,4.8,68.02,18.5,"21Â min",274230,RONIN
20.88,4.8,77.88,69.95,"3.35Â hours",607890,"Sword Art Online: Hollow Realization Deluxe Edition"
14.36,4.76,81.4,28.95,"2.02Â hours",311340,"METAL GEAR SOLID V: GROUND ZEROES"
18.99,4.75,88.67,18.99,"20Â min",10680,"Aliens vs. Predator"
21.5,4.75,83.27,21.5,"17Â min",31170,"Tales of Monkey Island: Chapter 1 - Launch of the Screaming Narwhal"
21.5,4.75,89.5,21.5,"17Â min",583470,"The End Is Nigh"
21.5,4.75,83.61,21.5,"17Â min",732930,Wunderling
21.49,4.74,71.09,21.49,"17Â min",488730,"God's Trigger"
25.0,4.73,76.73,25.0,"14Â min",310740,"NEON STRUCT"
14.5,4.72,67.39,14.5,"29Â min",278440,0RBITALIS
14.5,4.72,87.02,14.5,"29Â min",368370,"Her Story"
24.95,4.72,88.71,24.95,"14Â min",1105500,"Yakuza 4 Remastered"
16.95,4.7,84.82,16.95,"23Â min",320140,"Absolute Drift"
13.95,4.65,67.24,13.95,"30Â min",338390,"The Technomancer"
29.95,4.64,85.19,29.95,"11Â min",241910,"Goodbye Deponia"
14.95,4.64,74.34,14.95,"27Â min",1016930,"The Great Perhaps"
18.5,4.63,85.79,18.5,"20Â min",46500,Syberia
21.95,4.62,82.16,21.95,"16Â min",244710,"Shelter 1"
21.95,4.62,81.86,21.95,"16Â min",357720,"Inside My Radio"
14.5,4.61,56.43,14.5,"28Â min",272890,"Vertiginous Golf"
14.5,4.61,77.4,14.5,"28Â min",326410,Windward
14.5,4.61,78.23,14.5,"28Â min",361670,"STAR WARSâ„¢: X-Wing Allianceâ„¢"
14.5,4.61,82.26,14.5,"28Â min",673000,"High Hell"
17.75,4.6,77.43,17.75,"21Â min",517210,"Bad Pad"
21.5,4.53,83.8,21.5,"16Â min",221810,"The Cave"
21.5,4.53,71.06,21.5,"16Â min",301560,"White Night"
14.5,4.5,73.51,14.5,"27Â min",34870,"Sniper Ghost Warrior 2"
14.5,4.5,81.33,14.5,"27Â min",359420,"The Journeyman Project 1: Pegasus Prime"
42.95,4.49,90.1,42.95,"7Â min",353540,"Stephen's Sausage Roll"
28.95,4.49,70.83,28.95,"11Â min",751820,"Black Future '88"
28.95,4.49,81.42,28.95,"11Â min",866190,"Irony Curtain: From Matryoshka with Love"
26.95,4.49,66.7,26.95,"12Â min",1026680,"FINAL FANTASY VIII - REMASTERED"
28.95,4.49,82.69,28.95,"11Â min",1239490,"LOVE - A Puzzle Box Filled with Stories"
13.99,4.45,58.71,13.99,"28Â min",619700,"Steel Rats"
18.5,4.45,64.69,18.5,"19Â min",642830,Milanoir
18.5,4.45,75.2,18.5,"19Â min",680340,"Omega Strike"
24.95,4.44,89.59,24.95,"13Â min",600990,"The Gardens Between"
33.95,4.43,89.71,33.95,"9Â min",234270,"Ken Follett's The Pillars of the Earth"
19.89,4.4,71.86,69.95,"3.52Â hours",607880,"Accel World VS. Sword Art Online Deluxe Edition"
21.95,4.39,84.12,21.95,"15Â min",361300,"Mother Russia Bleeds"
21.95,4.39,88.3,21.95,"15Â min",1129540,"Orc Massage"
14.5,4.38,88.01,14.5,"26Â min",233150,LUFTRAUSERS
14.5,4.38,70.21,14.5,"26Â min",265590,"The Red Solstice"
14.5,4.38,81.46,14.5,"26Â min",339400,"Runestone Keeper"
14.5,4.38,86.47,14.5,"26Â min",389650,"Stardust Galaxy Warriors"
13.99,4.34,81.72,13.99,"27Â min",336240,Typoman
21.5,4.3,90.71,21.5,"15Â min",207170,"Legend of Grimrock"
21.5,4.3,89.27,21.5,"15Â min",262850,"The Journey Down: Chapter Two"
21.5,4.3,87.22,21.5,"15Â min",275200,"Westerado: Double Barreled"
21.5,4.3,89.32,21.5,"15Â min",275390,"Guacamelee! Super Turbo Championship Edition"
21.5,4.3,77.37,21.5,"15Â min",556060,"Detective Gallo"
21.5,4.3,71.13,21.5,"15Â min",558110,"Odyssey - The Invention of Science"
29.95,4.28,62.11,29.95,"10Â min",606370,"Romancing SaGa 2â„¢"
29.95,4.28,75.15,29.95,"10Â min",1126750,"Mr. DRILLER DrillLand"
14.95,4.27,82.0,14.95,"24Â min",15100,"Assassin's Creed"
18.5,4.27,82.11,18.5,"18Â min",277700,"On Rusty Trails"
18.5,4.27,78.65,18.5,"18Â min",360840,Lumini
18.5,4.27,72.6,18.5,"18Â min",982040,"Don't Die, Minerva!"
14.5,4.26,70.13,14.5,"25Â min",218510,"Planets Under Attack"
14.5,4.26,87.88,14.5,"25Â min",322210,"Guns, Gore & Cannoli"
14.5,4.26,77.08,14.5,"25Â min",336080,"Vietnam â€˜65"
14.5,4.26,71.68,14.5,"25Â min",470210,"Rocketbirds 2 Evolution"
14.5,4.26,83.81,14.5,"25Â min",1019590,"Lovely Planet 2: April Skies"
22.45,4.25,73.28,22.45,"14Â min",225640,"Sacred 2 Gold"
17.8,4.24,83.55,56.95,"3.20Â hours",617290,"Remnant: From the Ashes"
29.5,4.21,86.57,29.5,"10Â min",317320,"Nelly Cootalot: The Fowl Fleet"
29.5,4.21,93.73,29.5,"10Â min",557340,"My Friend Pedro"
19.95,4.2,83.33,19.95,"16Â min",713160,"After Death"
18.99,4.19,84.02,18.99,"17Â min",508980,"Crashday Redline Edition"
18.95,4.18,71.73,18.95,"17Â min",749250,"7th Sector"
39.95,4.17,69.49,39.95,"7Â min",1262540,"Need for Speedâ„¢"
24.95,4.16,92.65,24.95,"12Â min",219890,Antichamber
15.5,4.16,79.71,15.5,"22Â min",1298280,"Captain Disaster in: Death Has A Million Stomping Boots"
14.99,4.15,57.92,14.99,"23Â min",11150,"Sherlock Holmes: The Secret of the Silver Earring"
21.95,4.15,91.69,21.95,"14Â min",795420,"The Darkside Detective: A Fumble in the Dark"
14.5,4.14,85.13,14.5,"24Â min",39530,"Painkiller: Black Edition"
14.5,4.14,68.03,14.5,"24Â min",108700,"Death Rally"
28.95,4.14,89.54,28.95,"10Â min",250110,"Assault Android Cactus"
14.5,4.14,88.7,14.5,"24Â min",268990,"The Dishwasher: Vampire Smile"
14.5,4.14,77.29,14.5,"24Â min",355250,"STAR WARSâ„¢: TIE Fighter Special Edition"
17.95,4.14,76.87,17.95,"18Â min",429570,"The Walking Dead: Michonne"
28.95,4.14,75.58,28.95,"10Â min",447120,"Where the Water Tastes Like Wine"
28.95,4.14,66.96,28.95,"10Â min",490450,"Tokyo 42"
28.95,4.14,78.1,28.95,"10Â min",1018010,"Castlevania Anniversary Collection"
28.95,4.14,60.63,28.95,"10Â min",1405790,"John Wick Hex"
15.7,4.13,90.44,43.95,"2.80Â hours",233130,"Shadow Warrior"
15.52,4.12,81.79,42.95,"2.77Â hours",765870,"Leisure Suit Larry - Wet Dreams Don't Dry"
13.95,4.1,85.91,13.95,"25Â min",35000,"Mini Ninjas"
13.95,4.1,88.59,13.95,"25Â min",540840,"Lara Croft GO"
17.75,4.1,79.44,17.75,"18Â min",916050,Clocker
18.5,4.08,69.71,18.5,"17Â min",369070,"Slain: Back from Hell"
18.5,4.08,73.97,18.5,"17Â min",540060,"Fabulous - Angela's Fashion Fever"
21.5,4.07,86.41,21.5,"14Â min",431280,"tiny & Tall: Gleipnir Part One"
21.5,4.07,86.22,21.5,"14Â min",925930,"Myst III: Exile"
21.5,4.07,79.71,21.5,"14Â min",1051410,"Wanderlust: Travel Stories"
14.89,4.04,75.41,39.95,"2.68Â hours",1012840,"Moons of Madness"
14.5,4.02,66.07,14.5,"23Â min",4530,"Full Spectrum Warrior: Ten Hammers"
14.5,4.02,66.05,14.5,"23Â min",22650,"Alien Breed 2: Assault"
15.75,4.02,47.26,45.95,"2.92Â hours",65740,"Carrier Command: Gaea Mission"
14.5,4.02,44.65,14.5,"23Â min",251410,"Dark Matter"
14.5,4.02,71.47,14.5,"23Â min",361690,"STAR WARSâ„¢ X-Wing vs TIE Fighter: Balance of Power Campaignsâ„¢"
19.95,3.99,86.78,19.95,"15Â min",1273080,"Raptor Boyfriend"
21.95,3.91,59.94,21.95,"13Â min",406720,"Alekhine's Gun"
16.95,3.91,90.93,16.95,"18Â min",743450,"Monster Prom"
16.95,3.91,61.89,16.95,"18Â min",803980,"Plane Mechanic Simulator"
14.95,3.88,89.87,14.95,"21Â min",13570,"Tom Clancy's Splinter Cell: Chaos Theory"
14.47,3.88,85.27,14.47,"22Â min",1106830,"Rainbow Billy: The Curse of the Leviathan"
24.95,3.87,72.34,24.95,"11Â min",7110,"Jade Empire: Special Edition"
24.99,3.87,79.98,24.99,"11Â min",460700,"Song of the Deep"
49.99,3.85,86.28,49.99,"5Â min",244160,"Homeworld Remastered Collection"
13.83,3.84,61.9,35.95,"2.60Â hours",1054690,Dreadlands
21.5,3.83,93.19,21.5,"13Â min",236090,"Dust: An Elysian Tail"
21.5,3.83,66.05,21.5,"13Â min",341020,"Chronicles of Teddy"
21.5,3.83,80.07,21.5,"13Â min",344740,CRYPTARK
21.5,3.83,87.74,21.5,"13Â min",358130,"Curious Expedition"
21.5,3.83,87.15,21.5,"13Â min",1186740,"Kyle is Famous"
36.5,3.81,77.03,36.5,"7Â min",1042800,"Warhammer 40,000: Inquisitor - Prophecy"
28.95,3.78,84.55,28.95,"9Â min",32330,"LEGOâ“‡ Indiana Jonesâ„¢: The Original Adventures"
28.95,3.78,84.25,28.95,"9Â min",330390,"GRANDIA II HD Remaster"
28.95,3.78,88.58,28.95,"9Â min",332200,"Axiom Verge"
19.95,3.77,78.44,19.95,"14Â min",1154300,"The Equinox Hunt"
14.5,3.76,81.21,14.5,"21Â min",272330,"Shadow Blade: Reload"
14.5,3.76,78.1,14.5,"21Â min",380150,STASIS
14.5,3.76,89.89,14.5,"21Â min",440880,"The Count Lucanor"
14.5,3.76,79.08,14.5,"21Â min",550990,"Viktor, a Steampunk Adventure"
14.5,3.76,66.88,14.5,"21Â min",578720,"A Mortician's Tale"
14.5,3.76,82.24,14.5,"21Â min",643900,"Alvora Tactics"
13.95,3.74,59.48,13.95,"22Â min",366910,"The Long Journey Home"
16.95,3.74,67.64,16.95,"17Â min",764670,"Sea Dogs"
23.95,3.71,91.43,23.95,"11Â min",868520,killer7
21.95,3.66,63.42,21.95,"12Â min",878580,"GARAGE: Bad Trip"
14.5,3.63,45.65,14.5,"20Â min",206760,"Painkiller: Recurring Evil"
14.5,3.63,90.24,14.5,"20Â min",284390,"The Last Door - Collector's Edition"
14.5,3.63,78.11,14.5,"20Â min",312840,"Fahrenheit: Indigo Prophecy Remastered"
14.5,3.63,68.99,14.5,"20Â min",405720,"Perfect Universe"
14.5,3.63,80.69,14.5,"20Â min",1398500,MECHBLAZE
15.37,3.62,68.54,49.95,"3.25Â hours",1030830,"Mafia II: Definitive Edition"
14.95,3.6,85.46,14.95,"19Â min",21780,"Driver: Parallel Lines"
17.99,3.6,74.63,17.99,"15Â min",790360,WarriOrb
21.5,3.58,80.57,21.5,"12Â min",18050,"DeathSpank: Thongs Of Virtue"
21.5,3.58,78.93,21.5,"12Â min",295790,"Never Alone (Kisima Ingitchuna)"
21.5,3.58,79.07,21.5,"12Â min",499890,Aaero
21.5,3.58,85.85,21.5,"12Â min",545980,"Voodoo Vince: Remastered"
21.5,3.58,90.57,21.5,"12Â min",1130410,"Cyber Hook"
15.49,3.57,85.87,15.49,"18Â min",824850,"Some Distant Memory"
27.19,3.55,88.19,27.19,"9Â min",20920,"The Witcher 2: Assassins of Kings Enhanced Edition"
17.63,3.55,82.33,69.95,"3.97Â hours",312670,"Strange Brigade"
19.95,3.55,76.47,19.95,"13Â min",427680,"Zwei: The Arges Adventure"
29.95,3.52,72.93,29.95,"8Â min",268540,"The Whispered World Special Edition"
29.95,3.52,78.92,29.95,"8Â min",485460,"The Banner Saga 3"
29.95,3.52,82.87,29.95,"8Â min",495050,"Mega Man Legacy Collection 2"
14.5,3.49,76.96,14.5,"19Â min",208670,"Blades of Time"
14.5,3.49,70.11,14.5,"19Â min",256330,"WRC 4 FIA WORLD RALLY CHAMPIONSHIP"
14.5,3.49,78.25,14.5,"19Â min",288060,"Whispering Willows"
14.5,3.49,81.75,14.5,"19Â min",340580,"Armed with Wings: Rearmed"
14.5,3.49,81.95,14.5,"19Â min",474210,BUTCHER
14.5,3.49,80.94,14.5,"19Â min",524640,"Asura: Vengeance Edition"
14.5,3.49,86.41,14.5,"19Â min",668210,"Super Fancy Pants Adventure"
14.95,3.45,93.39,14.95,"18Â min",2310,Quake
14.95,3.45,70.47,14.95,"18Â min",255280,"1954 Alcatraz"
28.95,3.41,90.08,28.95,"8Â min",405820,Turok
21.95,3.4,93.64,21.95,"11Â min",107100,Bastion
16.95,3.39,76.66,16.95,"15Â min",379420,"Polynomial 2"
18.99,3.38,86.62,18.99,"13Â min",227600,"Castle of Illusion"
25.95,3.38,63.42,25.95,"9Â min",690140,"Sword Legacy Omen"
14.5,3.35,74.38,14.5,"18Â min",3800,"Advent Rising"
14.5,3.35,69.19,14.5,"18Â min",22670,"Alien Breed 3: Descent"
14.5,3.35,86.85,14.5,"18Â min",290260,Sokobond
14.5,3.35,81.08,14.5,"18Â min",303550,"Adventures of Pip"
14.5,3.35,74.37,14.5,"18Â min",419990,"Ganbare! Super Strikers"
14.5,3.35,53.0,14.5,"18Â min",1305570,"ãƒ”ãƒ³ãƒœãƒ«ã‚¢ã®å‹‡è€…"
19.95,3.33,93.7,19.95,"12Â min",22330,"The Elder Scrolls IV: Oblivion "
21.5,3.33,92.81,21.5,"11Â min",40800,"Super Meat Boy"
21.5,3.33,80.45,21.5,"11Â min",201420,"Toki Tori 2+"
21.5,3.33,91.44,21.5,"11Â min",201790,"Orcs Must Die! 2"
21.5,3.33,68.77,21.5,"11Â min",324260,VoidExpanse
21.5,3.33,84.82,21.5,"11Â min",336130,Shardlight
19.95,3.33,65.43,19.95,"12Â min",439310,"Until I Have You"
21.5,3.33,85.2,21.5,"11Â min",579760,"The Journey Down: Chapter Three"
21.5,3.33,88.72,21.5,"11Â min",631570,"Whispers of a Machine"
21.5,3.33,81.35,21.5,"11Â min",693700,"Prime Mover"
14.23,3.28,83.64,14.23,"18Â min",12360,"FlatOut: Ultimate Carnage"
35.95,3.27,65.74,35.95,"6Â min",247660,"Deadly Premonition: The Director's Cut"
14.5,3.2,91.05,14.5,"17Â min",220780,"Thomas Was Alone"
14.5,3.2,91.69,14.5,"17Â min",248820,"Risk of Rain"
14.5,3.2,87.94,14.5,"17Â min",355050,"Sky Force Anniversary"
14.5,3.2,74.94,14.5,"17Â min",382140,SKYHILL
14.5,3.2,72.58,14.5,"17Â min",1169740,"Danger Scavenger"
14.95,3.15,79.95,14.95,"16Â min",339190,"Dead Synchronicity: Tomorrow Comes Today"
14.95,3.15,86.88,14.95,"16Â min",426790,"Grow Up"
14.23,3.14,19.55,14.23,"17Â min",201510,"Flatout 3"
21.95,3.14,76.21,21.95,"10Â min",368730,"No Time To Explain Remastered"
29.95,3.13,85.89,29.95,"7Â min",243200,Memoria
23.95,3.12,44.81,23.95,"9Â min",546900,"Fear Effect Sedna"
19.95,3.09,53.23,19.95,"11Â min",246070,"Hack 'n' Slash"
18.5,3.08,79.96,18.5,"12Â min",524250,"Dad Quest"
21.5,3.07,85.14,21.5,"10Â min",8340,"Strong Bad Episode 1: Homestar Ruiner"
21.5,3.07,91.05,21.5,"10Â min",26800,Braid
21.5,3.07,91.3,21.5,"10Â min",217200,"Worms Armageddon"
21.5,3.07,69.47,21.5,"10Â min",237890,"Agarest: Generations of War"
21.5,3.07,84.27,21.5,"10Â min",250700,"Super Time Force Ultra"
21.5,3.07,68.27,21.5,"10Â min",418180,Tempest
21.5,3.07,75.85,21.5,"10Â min",612390,"Dandara: Trials of Fear Edition"
21.5,3.07,88.48,21.5,"10Â min",792100,"7 Billion Humans"
21.5,3.07,79.76,21.5,"10Â min",1303990,"Mini Motor Racing X"
14.5,3.05,86.22,14.5,"16Â min",6120,Shank
14.5,3.05,83.87,14.5,"16Â min",91100,SkyDrift
14.5,3.05,73.28,14.5,"16Â min",95300,Capsized
14.5,3.05,90.75,14.5,"16Â min",310080,"Hatoful Boyfriend"
14.5,3.05,88.93,14.5,"16Â min",370910,"Kathy Rain"
14.5,3.05,92.39,14.5,"16Â min",394970,DEADBOLT
14.5,3.05,74.0,14.5,"16Â min",555150,"The First Tree"
14.5,3.05,65.01,14.5,"16Â min",595260,"Heat Guardian: Re-Frozen Edition"
14.5,3.05,82.28,14.5,"16Â min",963450,"The Eternal Castle [REMASTERED]"
14.5,3.05,83.78,14.5,"16Â min",1168880,MOLEK-SYNTEZ
28.95,3.02,80.73,28.95,"7Â min",200980,"Geneforge 2"
28.95,3.02,78.74,28.95,"7Â min",221830,"The Book of Unwritten Tales: The Critter Chronicles"
28.95,3.02,88.59,28.95,"7Â min",257350,"Baldur's Gate II: Enhanced Edition"
15.95,3.02,67.95,15.95,"14Â min",485030,"PLANET ALPHA"
14.95,2.99,82.34,14.95,"15Â min",15120,"Tom Clancy's Rainbow Six: Vegas 2"
16.39,2.99,73.85,73.5,"4.48Â hours",527430,"Warhammer 40,000: Inquisitor - Martyr"
18.95,2.94,77.09,18.95,"11Â min",517330,"Stellar Interface"
16.5,2.94,76.56,16.5,"13Â min",908050,"Summer Catchers"
15.5,2.93,84.98,15.5,"14Â min",792040,"Detective Di: The Silk Rose Murders"
14.5,2.9,45.99,14.5,"15Â min",12790,Damnation
14.5,2.9,91.14,14.5,"15Â min",32460,"Monkey Island 2: Special Edition"
14.5,2.9,85.13,14.5,"15Â min",80310,"Gemini Rue"
14.5,2.9,60.35,14.5,"15Â min",248470,"Doorways: Prelude"
14.5,2.9,88.16,14.5,"15Â min",402530,"The Last Door: Season 2 - Collector's Edition"
14.5,2.9,48.85,14.5,"15Â min",496390,Shiny
14.5,2.9,77.06,14.5,"15Â min",1267930,"Deadly Dozen: Pacific Theater"
18.5,2.87,73.97,18.5,"11Â min",454950,Mainlining
18.5,2.87,88.24,18.5,"11Â min",494230,"Heart's Medicine - Time to Heal"
19.99,2.86,85.01,19.99,"10Â min",40990,Mafia
19.99,2.86,70.75,19.99,"10Â min",643940,"Jim is Moving Out!"
14.95,2.83,59.7,14.95,"14Â min",21680,"Bionic Commando Rearmed"
14.95,2.83,72.3,14.95,"14Â min",105000,"A New Beginning - Final Cut"
30.99,2.82,76.3,30.99,"6Â min",888530,Yaga
21.5,2.8,85.01,21.5,"9Â min",227100,"Sniper Elite: Nazi Zombie Army"
21.5,2.8,78.09,21.5,"9Â min",242780,"Cognition: An Erica Reed Thriller"
21.5,2.8,82.1,21.5,"9Â min",247910,"Sniper Elite: Nazi Zombie Army 2"
21.5,2.8,84.52,21.5,"9Â min",248550,"Megabyte Punch"
21.5,2.8,85.67,21.5,"9Â min",251430,"The Inner World"
21.5,2.8,95.1,21.5,"9Â min",322330,"Don't Starve Together"
21.5,2.8,77.0,21.5,"9Â min",613190,Unworthy
21.5,2.8,74.24,21.5,"9Â min",616560,"Ultimate Epic Battle Simulator"
21.5,2.8,88.73,21.5,"9Â min",762610,"Russian Subway Dogs"
35.95,2.77,51.8,35.95,"5Â min",824070,"Objects in Space"
14.5,2.74,86.48,14.5,"14Â min",6310,"The Longest Journey"
14.5,2.74,77.3,14.5,"14Â min",12330,"DarkStar One"
14.5,2.74,80.46,14.5,"14Â min",211260,"They Bleed Pixels"
14.5,2.74,81.73,14.5,"14Â min",249590,Teslagrad
14.5,2.74,73.35,14.5,"14Â min",528720,Shu
14.5,2.74,84.63,14.5,"14Â min",593960,Lorelai
14.5,2.74,59.42,14.5,"14Â min",945540,"Knights of Riddle"
14.5,2.74,79.71,14.5,"14Â min",1058280,"Speed Limit"
14.5,2.74,97.52,14.5,"14Â min",1118200,"People Playground"
18.95,2.71,71.05,18.95,"10Â min",828900,"The Stillness of the Wind"
15.1,2.68,78.28,69.95,"4.63Â hours",307960,"IL-2 Sturmovik: Battle of Stalingrad"
14.95,2.66,62.86,14.95,"13Â min",359610,"Assassinâ€™s CreedÂ® Chronicles: India"
28.95,2.63,78.34,28.95,"6Â min",200990,"Geneforge 3"
28.95,2.63,86.49,28.95,"6Â min",301650,"Battlezone 98 Redux"
17.0,2.63,84.42,17.0,"11Â min",893680,"Project Warlock"
19.99,2.61,85.14,19.99,"9Â min",223810,"Ys I"
19.99,2.61,82.85,19.99,"9Â min",253290,FOTONICA
19.99,2.61,85.06,19.99,"9Â min",907470,Iris.Fall
14.5,2.58,74.63,14.5,"13Â min",11550,"Second Sight"
21.95,2.58,91.55,21.95,"8Â min",214730,"Space Rangers HD: A War Apart"
14.5,2.58,92.91,14.5,"13Â min",227000,Primordia
14.5,2.58,87.15,14.5,"13Â min",583270,"Cosmic Express"
21.95,2.58,91.54,21.95,"8Â min",589780,"The Red Strings Club"
14.5,2.58,87.92,14.5,"13Â min",742520,Astrologaster
14.5,2.58,78.69,14.5,"13Â min",1371710,"Rogue Aces Deluxe"
14.5,2.58,78.39,14.5,"13Â min",1556870,"Golf Club Wasteland"
27.99,2.54,80.54,27.99,"6Â min",203510,"Fortune Summoners: Secret of the Elemental Stone"
21.5,2.53,86.51,21.5,"8Â min",208750,Apotheon
21.5,2.53,78.85,21.5,"8Â min",365660,"OlliOlli2: Welcome to Olliwood"
21.5,2.53,77.22,21.5,"8Â min",497730,"The Wardrobe"
14.5,2.42,77.09,14.5,"12Â min",26000,"The Maw"
14.5,2.42,81.33,14.5,"12Â min",264690,"Coin Crypt"
14.5,2.42,57.77,14.5,"12Â min",281940,"Woolfe - The Red Hood Diaries"
14.5,2.42,77.5,14.5,"12Â min",291710,"The Lost Crown"
14.5,2.42,87.09,14.5,"12Â min",359140,"Kick Ass Commandos"
14.5,2.42,91.4,14.5,"12Â min",469790,Linelight
14.5,2.42,73.11,14.5,"12Â min",678850,"Uurnog Uurnlimited"
14.5,2.42,68.04,14.5,"12Â min",754530,"IL-2 Sturmovik: Cliffs of Dover Blitz"
15.49,2.4,78.89,15.49,"11Â min",533950,"Don't open the doors!"
22.95,2.4,50.6,22.95,"7Â min",715020,"Elden: Path of the Forgotten"
25.95,2.36,87.42,25.95,"6Â min",296710,"Monstrum "
22.45,2.35,72.82,22.45,"7Â min",330420,"The Interactive Adventures of Dog MendonÃ§a and Pizzaboy"
14.95,2.32,82.66,14.95,"11Â min",13600,"Prince of Persia: The Sands of Time"
15.0,2.32,89.31,15.0,"11Â min",367450,"Poly Bridge"
17.75,2.32,55.09,17.75,"9Â min",844050,"Desert Child"
14.99,2.32,73.25,14.99,"11Â min",994040,"Lichtspeer: Double Speer Edition"
21.95,2.29,81.75,21.95,"7Â min",629770,"Tiny Echo"
29.5,2.27,76.31,29.5,"5Â min",383930,"Doorways: Holy Mountains of Flesh"
14.5,2.25,72.84,14.5,"11Â min",18120,"Unstoppable Gorg"
21.5,2.25,78.25,21.5,"7Â min",31100,"Wallace & Gromit Ep 1: Fright of the Bumblebees"
14.5,2.25,90.49,14.5,"11Â min",39510,"Gothic II: Gold Classic"
14.5,2.25,30.63,14.5,"11Â min",39560,"Painkiller: Resurrection"
14.5,2.25,76.08,14.5,"11Â min",105800,"PixelJunk Eden"
21.5,2.25,73.84,21.5,"7Â min",215690,"Zeno Clash 2"
14.5,2.25,90.16,14.5,"11Â min",253110,"The Cat Lady"
14.5,2.25,89.24,14.5,"11Â min",273570,Descent
14.5,2.25,77.24,14.5,"11Â min",359350,Defunct
21.5,2.25,78.53,21.5,"7Â min",374900,"Agatha Christie - The ABC Murders"
14.5,2.25,89.93,14.5,"11Â min",405290,"Charlie Murder"
14.5,2.25,85.76,14.5,"11Â min",410710,"System Shock: Enhanced Edition"
14.5,2.25,75.36,14.5,"11Â min",452920,"Laser Disco Defenders"
14.5,2.25,76.63,14.5,"11Â min",769970,"Bad Dream: Fever"
21.5,2.25,57.63,21.5,"7Â min",879420,"Agony UNRATED"
21.5,2.25,54.05,21.5,"7Â min",939120,"Grand Guilds"
28.95,2.23,83.21,28.95,"5Â min",334310,"Plebby Quest: The Crusades"
18.95,2.23,87.69,18.95,"8Â min",833040,"Hiveswap Friendsim"
28.95,2.23,77.28,28.95,"5Â min",840720,"Sword Art Online: Lost Song"
28.95,2.23,76.93,28.95,"5Â min",1508400,"Kaiju Wars"
16.95,2.21,79.7,16.95,"9Â min",388420,"In Between"
16.95,2.21,75.57,16.95,"9Â min",630720,"Mana Spark"
18.5,2.18,40.32,18.5,"8Â min",1086990,"Commander '85"
13.99,2.17,58.05,13.99,"11Â min",716760,"Dream Alone"
14.95,2.14,40.39,14.95,"10Â min",13580,"Tom Clancy's Splinter Cell: Double Agent"
23.5,2.14,80.69,23.5,"6Â min",470580,"In The Shadows"
14.99,2.14,88.74,14.99,"10Â min",703320,"Hidden & Dangerous 2: Courage Under Fire"
22.95,2.09,83.05,22.95,"6Â min",363440,"Mega Man Legacy Collection"
19.95,2.08,82.19,19.95,"7Â min",1284870,"UltreÃ¯a"
14.5,2.07,92.7,14.5,"10Â min",3830,Psychonauts
14.5,2.07,82.92,14.5,"10Â min",99700,NightSky
14.5,2.07,88.3,14.5,"10Â min",201310,"X3: Albion Prelude"
14.5,2.07,83.85,14.5,"10Â min",227200,"Waking Mars"
14.5,2.07,81.31,14.5,"10Â min",257990,"Oozi: Earth Adventure"
14.5,2.07,72.55,14.5,"10Â min",338320,"Pixel Heroes: Byte & Magic"
14.5,2.07,78.68,14.5,"10Â min",1115780,"The Almost Gone"
14.5,2.07,72.17,14.5,"10Â min",1162370,"Paper - A Game of Folding"
14.5,2.07,88.28,14.5,"10Â min",1216490,"Knock Harder"
21.95,2.0,66.09,21.95,"6Â min",458630,"Political Animals"
21.95,2.0,88.73,21.95,"6Â min",1721170,"What Lies in the Multiverse"
14.95,1.95,83.91,14.95,"9Â min",208200,"DOOM 3: BFG Edition"
21.5,1.95,83.46,21.5,"6Â min",256460,"Cosmic Star Heroine"
21.5,1.95,89.3,21.5,"6Â min",564310,"Serious Sam Fusion 2017 (beta)"
21.5,1.95,90.14,21.5,"6Â min",843260,"The Bard's Tale Trilogy"
14.5,1.89,71.43,14.5,"9Â min",70420,Chantelise
14.5,1.89,84.67,14.5,"9Â min",228960,"Skulls of the Shogun"
14.5,1.89,90.06,14.5,"9Â min",253750,Ikaruga
14.5,1.89,82.94,14.5,"9Â min",269670,"BADLAND: Game of the Year Edition"
14.5,1.89,84.31,14.5,"9Â min",327740,"TRON 2.0"
14.5,1.89,88.71,14.5,"9Â min",361990,"Lakeview Cabin Collection"
14.5,1.89,85.0,14.5,"9Â min",376520,"Kelvin and the Infamous Machine"
14.5,1.89,73.55,14.5,"9Â min",401360,"The Aquatic Adventure of the Last Human"
14.5,1.89,79.38,14.5,"9Â min",437570,GoNNER
14.5,1.89,50.31,14.5,"9Â min",496400,Renoir
14.5,1.89,82.68,14.5,"9Â min",696480,"The Norwood Suite"
14.5,1.89,82.31,14.5,"9Â min",872750,"Guard Duty"
14.5,1.89,80.5,14.5,"9Â min",1056690,"Drink More Glurp"
14.5,1.89,78.12,14.5,"9Â min",1596440,ARKOS
14.5,1.89,74.63,14.5,"9Â min",1969830,"Dadish 3"
28.95,1.81,77.88,28.95,"4Â min",201000,"Geneforge 4"
28.95,1.81,82.48,28.95,"4Â min",543260,"Wonder Boy: The Dragon's Trap"
14.95,1.76,77.51,14.95,"8Â min",40390,"Risen 2 - Dark Waters"
14.95,1.76,46.9,14.95,"8Â min",403390,"Undercover Missions: Operation Kursk K-141"
14.5,1.71,75.0,14.5,"8Â min",212030,"Kung Fu Strike: The Warrior's Rise"
14.5,1.71,86.93,14.5,"8Â min",225160,"Shadow Warrior Classic Redux"
14.5,1.71,80.54,14.5,"8Â min",231740,"Knights of Pen and Paper +1"
35.95,1.71,85.01,35.95,"3Â min",262940,"Broken Sword 5 - the Serpent's Curse"
14.5,1.71,83.87,14.5,"8Â min",282010,"Carmageddon Max Pack"
14.5,1.71,78.7,14.5,"8Â min",297120,"Heavy Bullets"
14.5,1.71,65.75,14.5,"8Â min",298950,"Darkness Within 2: The Dark Lineage Director's Cut Edition"
14.5,1.71,89.36,14.5,"8Â min",316610,"A Good Snowman Is Hard To Build"
14.5,1.71,87.21,14.5,"8Â min",324140,Kalimba
14.5,1.71,77.87,14.5,"8Â min",596390,"Over My Dead Body (For You)"
14.5,1.71,85.66,14.5,"8Â min",617440,"Juanito Arcade Mayhem"
14.5,1.71,88.46,14.5,"8Â min",1012560,Snakeybus
14.5,1.71,72.74,14.5,"8Â min",1377920,"Big Mutha Truckers 2"
14.5,1.71,53.28,14.5,"8Â min",1424910,KEO
14.5,1.71,85.72,14.5,"8Â min",1549750,Vomitoreum
14.49,1.7,75.52,14.49,"8Â min",1172940,"Cockwork Industries Complete"
18.5,1.68,60.85,18.5,"6Â min",346830,"FINAL FANTASY IV: THE AFTER YEARS"
18.5,1.68,67.94,18.5,"6Â min",361550,Cradle
21.5,1.65,89.85,21.5,"5Â min",239350,Spelunky
21.5,1.65,90.21,21.5,"5Â min",375820,"Human Resource Machine"
21.5,1.65,89.2,21.5,"5Â min",599610,"Lost Words: Beyond the Page"
21.5,1.65,68.58,21.5,"5Â min",925940,"Myst IV: Revelation"
15.5,1.62,86.04,15.5,"7Â min",1591870,"Drift Phonk 666"
17.75,1.61,90.73,17.75,"6Â min",658850,"Do Not Feed the Monkeys"
14.95,1.56,66.44,14.95,"7Â min",15200,"Silent Hunter: Wolves of the Pacific"
14.95,1.56,79.94,14.95,"7Â min",40330,"Secret Files: Tunguska"
14.95,1.56,90.29,14.95,"7Â min",207490,"Rayman Origins"
16.95,1.54,91.19,16.95,"6Â min",398000,"Twinsen's Little Big Adventure 2 Classic"
16.95,1.54,88.04,16.95,"6Â min",470780,"She Remembered Caterpillars"
14.5,1.51,90.1,14.5,"7Â min",3720,"Evil Genius"
14.5,1.51,77.32,14.5,"7Â min",37000,"The Void"
14.5,1.51,79.07,14.5,"7Â min",102840,"Shank 2"
14.5,1.51,81.43,14.5,"7Â min",233700,"Sword of the Stars: The Pit"
14.5,1.51,91.6,14.5,"7Â min",236930,"Blackwell Epiphany"
14.5,1.51,89.09,14.5,"7Â min",274350,Dropsy
14.5,1.51,86.86,14.5,"7Â min",377080,"Hatoful Boyfriend: Holiday Star"
14.5,1.51,89.68,14.5,"7Â min",396350,"Bleed 2"
14.49,1.51,83.03,14.49,"7Â min",590590,"Remnants of Naezith"
14.5,1.51,77.59,14.5,"7Â min",841660,"The Treehouse Man"
23.5,1.47,82.19,23.5,"4Â min",2820,"X3: Terran Conflict"
13.95,1.46,64.79,13.95,"7Â min",243000,"Omikron - The Nomad Soul"
13.99,1.46,86.65,13.99,"7Â min",322290,"Gurumin: A Monstrous Adventure"
29.95,1.43,82.9,29.95,"3Â min",203830,"The Dark Eye: Chains of Satinav"
43.95,1.42,84.26,43.95,"2Â min",292910,"Deponia: The Complete Journey"
28.95,1.38,79.99,28.95,"3Â min",6300,"Dreamfall: The Longest Journey"
28.95,1.38,57.44,28.95,"3Â min",312790,"Agarest: Generations of War 2"
21.5,1.34,80.05,21.5,"4Â min",371200,"Halcyon 6: Starbase Commander (CLASSIC)"
14.5,1.32,57.15,14.5,"6Â min",9500,Gish
14.5,1.32,66.6,14.5,"6Â min",18470,Helldorado
14.5,1.32,91.9,14.5,"6Â min",32360,"The Secret of Monkey Island: Special Edition"
14.5,1.32,80.28,14.5,"6Â min",39500,"Gothic 3"
14.5,1.32,81.11,14.5,"6Â min",72000,Closure
14.5,1.32,90.54,14.5,"6Â min",253030,"Race The Sun"
14.5,1.32,80.71,14.5,"6Â min",285840,"Enemy Mind"
14.5,1.32,78.87,14.5,"6Â min",292930,"Black Mirror I"
14.5,1.32,86.08,14.5,"6Â min",353640,"Train Valley"
14.5,1.32,61.41,14.5,"6Â min",414160,"Nubarron: The adventure of an unlucky gnome"
14.5,1.32,85.88,14.5,"6Â min",595790,"Hell is Other Demons"
14.5,1.32,89.07,14.5,"6Â min",667600,"Sky Force Reloaded"
14.5,1.32,80.43,14.5,"6Â min",1491510,"Recon Control"
14.5,1.32,35.22,14.5,"6Â min",1581200,"Enemy Engaged 2: Desert Operations"
16.95,1.3,82.42,16.95,"5Â min",553950,"GRIDD: Retroenhanced"
13.99,1.27,61.46,13.99,"6Â min",229810,"A Fistful of Gun"
19.99,1.25,89.23,19.99,"4Â min",207320,"Ys: The Oath in Felghana"
18.5,1.16,85.71,18.5,"4Â min",386620,"Cook, Serve, Delicious! 2!!"
15.0,1.15,82.54,15.0,"5Â min",574590,Koloro
14.5,1.12,70.14,14.5,"5Â min",280,"Half-Life: Source"
14.5,1.12,89.24,14.5,"5Â min",300,"Day of Defeat: Source"
14.5,1.12,67.75,14.5,"5Â min",2810,"X3: Reunion"
14.5,1.12,83.97,14.5,"5Â min",65300,Dustforce
14.5,1.12,89.72,14.5,"5Â min",65540,"Gothic 1 Classic"
14.5,1.12,88.86,14.5,"5Â min",80360,"Blackwell Deception"
14.5,1.12,86.74,14.5,"5Â min",94400,Nidhogg
14.5,1.12,82.55,14.5,"5Â min",282030,"Carmageddon 2: Carpocalypse Now"
14.5,1.12,77.23,14.5,"5Â min",447800,"LostWinds 2: Winter of the Melodias"
14.5,1.12,67.1,14.5,"5Â min",1420850,CyberTaxi
17.75,1.11,85.81,17.75,"4Â min",1144030,Pesterquest
13.99,1.08,80.28,13.99,"5Â min",433910,"Neon Drive"
16.95,1.06,79.4,16.95,"4Â min",397330,"Twinsen's Little Big Adventure Classic"
16.95,1.06,60.52,16.95,"4Â min",817460,"Sea Dogs: Caribbean Tales"
15.5,0.97,87.3,15.5,"4Â min",1065020,"Micro Mages"
28.95,0.93,70.29,28.95,"2Â min",260130,"Agarest Zero"
14.5,0.91,46.8,14.5,"4Â min",9710,"Desperados 2: Cooperâ€™s Revenge"
14.5,0.91,50.88,14.5,"4Â min",65600,"Gothic 3 Forsaken Gods Enhanced Edition"
14.5,0.91,88.71,14.5,"4Â min",92800,SpaceChem
14.5,0.91,87.46,14.5,"4Â min",227780,"Serious Sam Classics: Revolution"
14.5,0.91,54.95,14.5,"4Â min",287220,Autocraft
14.5,0.91,84.39,14.5,"4Â min",319480,"Odallus: The Dark Call"
14.5,0.91,85.12,14.5,"4Â min",441280,"Pharaoh Rebirth+"
14.5,0.91,77.02,14.5,"4Â min",447780,LostWinds
14.5,0.91,84.45,14.5,"4Â min",558420,"Stories Untold"
14.5,0.91,78.06,14.5,"4Â min",619280,Gloom
14.5,0.91,74.52,14.5,"4Â min",670930,"Escape Doodland"
14.5,0.91,83.17,14.5,"4Â min",1000640,"Clam Man"
14.95,0.71,81.7,14.95,"3Â min",13500,"Prince of Persia: Warrior Within"
14.95,0.71,66.58,14.95,"3Â min",33320,"Prince of Persia: The Forgotten Sands"
14.95,0.71,66.73,14.95,"3Â min",257220,"Secret Files: Sam Peters"
14.99,0.71,67.97,14.99,"3Â min",610840,"JASEM: Just Another Shooter with Electronic Music"
42.95,0.7,70.73,42.95,"1Â min",1261520,"Asterix & Obelix XXL"
14.5,0.69,87.27,14.5,"3Â min",1510,Uplink
14.5,0.69,81.73,14.5,"3Â min",12320,"Sacred Gold"
14.5,0.69,41.38,14.5,"3Â min",259170,"Alone in the Dark (2008)"
14.5,0.69,83.84,14.5,"3Â min",286460,"Black Mirror II"
14.5,0.69,85.36,14.5,"3Â min",351510,Quiplash
14.5,0.69,86.7,14.5,"3Â min",356570,"Party Hard"
21.5,0.69,82.37,21.5,"2Â min",446810,"Blossom Tales: The Sleeping King"
14.5,0.69,74.38,14.5,"3Â min",624320,"Loyalty and Blood: Viktor Origins"
14.5,0.69,69.57,14.5,"3Â min",919410,"Felix the Reaper"
21.5,0.69,86.48,21.5,"2Â min",1393820,Prodigal
18.5,0.6,74.98,18.5,"2Â min",274250,OlliOlli
29.95,0.49,83.19,29.95,"1Â min",421050,"Deponia Doomsday"
14.5,0.47,72.06,14.5,"2Â min",360,"Half-Life Deathmatch: Source"
14.5,0.47,83.97,14.5,"2Â min",1520,DEFCON
14.5,0.47,79.97,14.5,"2Â min",325520,"Fire: Unghâ€™s Quest"
14.5,0.47,51.14,14.5,"2Â min",410990,"Master of Orion 3"
14.5,0.47,73.49,14.5,"2Â min",577670,"Demolish & Build 2018"
28.95,0.47,81.83,28.95,"1Â min",788690,"Psychonauts in the Rhombus of Ruin"
21.5,0.35,80.01,21.5,"1Â min",31180,"Tales of Monkey Island: Chapter 2 - The Siege of Spinner Cay "
21.5,0.35,81.15,21.5,"1Â min",31190,"Tales of Monkey Island: Chapter 3 - Lair of the Leviathan "
21.5,0.35,72.73,21.5,"1Â min",31200,"Tales of Monkey Island: Chapter 4 - The Trial and Execution of Guybrush Threepwood "
21.5,0.35,79.57,21.5,"1Â min",31210,"Tales of Monkey Island: Chapter 5 - Rise of the Pirate God"
21.5,0.35,41.68,21.5,"1Â min",65610,"ArcaniA: Fall of Setarrif"
21.5,0.35,83.24,21.5,"1Â min",94620,"Hector: Ep 3"
21.5,0.35,82.72,21.5,"1Â min",506510,"Shadows of Adam"
18.5,0.3,82.51,18.5,"1Â min",46510,"Syberia 2"
14.99,0.25,68.96,14.99,"1Â min",11040,"Sherlock Holmes: Nemesis"
14.99,0.25,68.97,14.99,"1Â min",11140,"Sherlock Holmes: The Awakened (2008)"
14.99,0.25,39.1,14.99,"1Â min",11180,"Sherlock Holmes: The Mystery of The Persian Carpet"
14.95,0.25,75.99,14.95,"1Â min",13530,"Prince of Persia: The Two Thrones"
14.95,0.25,76.59,14.95,"1Â min",40340,"Secret Files: Puritas Cordis"
14.95,0.25,84.1,14.95,"1Â min",40350,"Lost Horizon"
14.95,0.25,64.38,14.95,"1Â min",216210,"Secret Files 3"
14.5,0.24,73.14,14.5,"1Â min",63650,"Uru: Complete Chronicles"
14.5,0.24,82.61,14.5,"1Â min",273580,"Descent 2"
14.5,0.24,61.66,14.5,"1Â min",273590,"Descent 3"
14.5,0.24,72.6,14.5,"1Â min",273620,"Freespace 2"
14.5,0.24,83.68,14.5,"1Â min",286480,"Black Mirror III"
14.5,0.24,78.4,14.5,"1Â min",305050,Outland
14.5,0.24,66.59,14.5,"1Â min",311250,"Doorways: The Underworld"
14.5,0.24,81.18,14.5,"1Â min",392610,"Tricone Lab"
14.5,0.24,66.41,14.5,"1Â min",514080,"Deadly Dozen"
14.5,0.24,76.62,14.5,"1Â min",938860,"Get In The Car, Loser!"
